{
  "last_check": 1767840917.81093,
  "processed_posts": [
    "1q69lay",
    "1q701lu",
    "1q33qfc",
    "1q2wcw6",
    "1q3u54t",
    "1q62h43",
    "1q2j6a2",
    "1q540w8",
    "1q4fkkg",
    "1q54gen",
    "1q27d25",
    "1q225qa",
    "1q2vynu",
    "1q4rzri",
    "1q26fmj",
    "1q5k9h6",
    "1q3d8rv",
    "1q6o06k",
    "1q65mtf",
    "1q6cu5z",
    "1q44o35",
    "1q4rao5"
  ],
  "stats": {
    "total_posts_processed": 572,
    "total_tldrs_generated": 90,
    "total_tokens_used": 230168,
    "total_cost": 0.029954299999999996,
    "total_replies_sent": 25,
    "total_summons_handled": 5
  },
  "daily_tldrs": 8,
  "daily_reset_date": "2026-01-08",
  "comment_summaries": {
    "1q2crc2": 100,
    "1q27d25": 50,
    "1q200mn": 50,
    "1q2crfe": 20,
    "1q1vihz": 20,
    "1q1a8fu": 20,
    "1q12161": 20,
    "1q0zw53": 20,
    "1q0zelr": 20,
    "1q0r6wd": 20,
    "1q0r41u": 100,
    "1q0pypa": 50,
    "1q2iuiu": 50,
    "1q0pwoy": 100,
    "1q0km81": 100,
    "1q0iptr": 50,
    "1q2kqmv": 20,
    "1q366br": 100,
    "1q2wcw6": 100,
    "1q2nuwj": 20,
    "1q2jswc": 20,
    "1q341vp": 20,
    "1q3hp50": 50,
    "1q3n2ki": 20,
    "1q3nwpi": 100,
    "1q3roui": 50,
    "1q3rt46": 100,
    "1q3pmvp": 50,
    "1q3uj1c": 20,
    "1q3w1nd": 20,
    "1q43z6o": 20,
    "1q3uhzc": 20,
    "1q47gcj": 100,
    "1q49clx": 20,
    "1q42jx2": 50,
    "1q41l78": 20,
    "1q4fuqz": 50,
    "1q4cs7d": 50,
    "1q4jsqf": 20,
    "1q4qd0q": 100,
    "1q4sxy8": 100,
    "1q4n74b": 20,
    "1q4rdfm": 50,
    "1q53efb": 50,
    "1q5bzc7": 100,
    "1q5inlf": 50,
    "1q570dv": 20,
    "1q5pq4w": 20,
    "1q5tvo6": 100,
    "1q5hyfm": 20,
    "1q627v9": 20,
    "1q62td4": 50,
    "1q5yrbk": 20,
    "1q5om94": 20,
    "1q61wl4": 20,
    "1q67qq5": 100,
    "1q62h43": 20,
    "1q6cov6": 100,
    "1q69fl1": 20,
    "1q6m1yf": 50,
    "1q6ml6u": 20,
    "1q69hkw": 20,
    "1q6wq5o": 20,
    "1q6okwc": 20
  },
  "processed_comments": [
    "nxsimx3",
    "nxxct4g",
    "nxv4o9y",
    "nxy9qcz",
    "nxxzlrt",
    "nxno5rr",
    "nxyjwp9",
    "nxg73ar",
    "nxrc6ao",
    "nxhgz39",
    "nxnhaht",
    "nxmvsc1",
    "nxwdkcz",
    "nxdk2bj",
    "nxf2px2",
    "nxcxbyj",
    "nxvhhoe",
    "ny7e4vg",
    "nxppp55",
    "ny293gz",
    "nxuzsv2",
    "ny93dyv",
    "ny2red8",
    "nxgzw97",
    "nxybcnx",
    "nxejn2y",
    "nxr1fhv",
    "nxy9b4i",
    "nxbokj1",
    "nxmjmjk",
    "nxpw7nf",
    "ny2f3ix",
    "nxroiz2",
    "nxekwxj",
    "nxipkoz",
    "nxdhd5t",
    "nxct18i",
    "ny4iayi",
    "nxiq52y",
    "nxpwio9",
    "nxk3n98",
    "nxdhi17",
    "nxre2br",
    "ny806ti",
    "ny2ueun",
    "nxjkbkz",
    "nxazc5k",
    "ny1sn8h",
    "nxx5vxs",
    "nxcciit",
    "ny9cer2",
    "nxwtmqc",
    "nxa9soc",
    "nxiynxs",
    "nxchy4o",
    "ny67qkn",
    "nxphk4y",
    "nxce127",
    "nxvhj7h",
    "nxqizg7",
    "nxpk7b5",
    "nxwr2hx",
    "nxpmphx",
    "ny2d52i",
    "nxy2dw5",
    "ny37z7a",
    "nxcs3ob",
    "nxwl6wy"
  ],
  "replied_to_comments": [
    "nxv10fn",
    "nxoqvar",
    "nxfa10f",
    "nxfmbhz",
    "nxoz47t",
    "nxfx0n7",
    "nxfsczs",
    "nxoqf2s",
    "nxpmi38",
    "nxljllq",
    "nxrfg44",
    "ny2if4k",
    "ny1iu98",
    "nxprbfb",
    "nxrvrfq",
    "nxs31r5",
    "nxnu18w",
    "nxouf85",
    "nxlantk",
    "nyatkw2",
    "nxswpsn",
    "ny218ha",
    "ny4wihf",
    "nxnvb2g",
    "nxswgju",
    "ny969lr"
  ],
  "recent_user_replies": {
    "coverednmud": {
      "count": 1,
      "first_reply_time": 1767831632.212555
    }
  },
  "daily_replies": 1,
  "summon_responses": [
    "ny4klb3",
    "ny882ti",
    "ny4ta0j",
    "ny3grix",
    "nxoypc4"
  ],
  "moderator_cache": {
    "moderators": [
      "stealthispost",
      "AutoModerator",
      "44th--Hokage",
      "porcelainfog",
      "09387456098490856",
      "tropicalisim0",
      "Illustrious-Lime-863",
      "HeinrichTheWolf_17",
      "random87643",
      "cloudrunner6969",
      "SgathTriallair",
      "bot-bouncer",
      "evasion-guard",
      "subscriber-count",
      "trendingtattler",
      "manipulation-pi",
      "erase-user",
      "yt-app",
      "queue-pruner",
      "ai-moderator",
      "modmail-userinfo",
      "spambotbuster",
      "hive-protect",
      "subguard",
      "flag-app"
    ],
    "last_refresh": 1767805084.445241
  }
}