{
  "last_check": 1768208432.294115,
  "processed_posts": [
    "1q27d25",
    "1q2j6a2",
    "1q3d8rv",
    "1q4fkkg",
    "1q2wcw6",
    "1q26fmj",
    "1q7qkoq",
    "1q7c6uw",
    "1q540w8",
    "1q225qa",
    "1q7djrc",
    "1q701lu",
    "1q44o35",
    "1qa93ay",
    "1q69lay",
    "1q54gen",
    "1q7emu1",
    "1q33qfc",
    "1q2vynu",
    "1q5k9h6",
    "1qabwlw",
    "1q4rao5",
    "1q9cjpt",
    "1q3u54t",
    "1qadsk2",
    "1q8cpgu",
    "1q6o06k",
    "1q7umxx",
    "1q65mtf",
    "1q7m008",
    "1q7xnf2",
    "1q4rzri",
    "1q97atr",
    "1q62h43",
    "1q6cu5z"
  ],
  "stats": {
    "total_posts_processed": 1065,
    "total_tldrs_generated": 117,
    "total_tokens_used": 312346,
    "total_cost": 0.04062969999999997,
    "total_replies_sent": 35,
    "total_summons_handled": 8,
    "total_crossposts": 2
  },
  "daily_tldrs": 11,
  "daily_reset_date": "2026-01-12",
  "comment_summaries": {
    "1q2crc2": 100,
    "1q27d25": 50,
    "1q200mn": 50,
    "1q2crfe": 20,
    "1q1vihz": 20,
    "1q1a8fu": 20,
    "1q12161": 20,
    "1q0zw53": 20,
    "1q0zelr": 20,
    "1q0r6wd": 20,
    "1q0r41u": 100,
    "1q0pypa": 50,
    "1q2iuiu": 50,
    "1q0pwoy": 100,
    "1q0km81": 100,
    "1q0iptr": 50,
    "1q2kqmv": 20,
    "1q366br": 100,
    "1q2wcw6": 100,
    "1q2nuwj": 20,
    "1q2jswc": 20,
    "1q341vp": 20,
    "1q3hp50": 50,
    "1q3n2ki": 20,
    "1q3nwpi": 100,
    "1q3roui": 50,
    "1q3rt46": 100,
    "1q3pmvp": 50,
    "1q3uj1c": 20,
    "1q3w1nd": 20,
    "1q43z6o": 20,
    "1q3uhzc": 20,
    "1q47gcj": 100,
    "1q49clx": 20,
    "1q42jx2": 50,
    "1q41l78": 20,
    "1q4fuqz": 50,
    "1q4cs7d": 50,
    "1q4jsqf": 20,
    "1q4qd0q": 100,
    "1q4sxy8": 100,
    "1q4n74b": 20,
    "1q4rdfm": 50,
    "1q53efb": 50,
    "1q5bzc7": 100,
    "1q5inlf": 50,
    "1q570dv": 20,
    "1q5pq4w": 20,
    "1q5tvo6": 100,
    "1q5hyfm": 20,
    "1q627v9": 20,
    "1q62td4": 50,
    "1q5yrbk": 20,
    "1q5om94": 20,
    "1q61wl4": 20,
    "1q67qq5": 100,
    "1q62h43": 20,
    "1q6cov6": 100,
    "1q69fl1": 50,
    "1q6m1yf": 50,
    "1q6ml6u": 20,
    "1q69hkw": 20,
    "1q6wq5o": 20,
    "1q6okwc": 20,
    "1q75s2e": 20,
    "1q743fg": 20,
    "1q7dsgc": 100,
    "1q7d82a": 20,
    "1q7yf6a": 100,
    "1q7xnf2": 50,
    "1q7wnul": 20,
    "1q7lmtd": 20,
    "1q7fg9t": 20,
    "1q80glf": 20,
    "1q8edco": 20,
    "1q8pn7i": 20,
    "1q97j4x": 50,
    "1q9hli1": 100,
    "1q9mwsh": 20,
    "1qa52s3": 20,
    "1qa79i1": 50,
    "1qaa9ms": 20,
    "1qadsk2": 50,
    "1qaa92d": 50,
    "1qafhaq": 20,
    "1qafcbu": 20,
    "1qagjox": 20,
    "1qa9f44": 20
  },
  "processed_comments": [
    "nxdhd5t",
    "nxx5vxs",
    "nxno5rr",
    "ny9cer2",
    "nxsimx3",
    "nxekwxj",
    "nxre2br",
    "nxk3n98",
    "nyk58es",
    "nxazc5k",
    "nycp6s2",
    "ny67qkn",
    "nxwtmqc",
    "nxr1fhv",
    "nxpw7nf",
    "ny37z7a",
    "nxppp55",
    "nxxct4g",
    "nxiynxs",
    "nxybcnx",
    "nxwr2hx",
    "nxa9soc",
    "nxejn2y",
    "nxpk7b5",
    "nyijjg5",
    "ny2ueun",
    "nz41czd",
    "nxrc6ao",
    "nxvhhoe",
    "nxwl6wy",
    "nxmvsc1",
    "nxjkbkz",
    "nxcxbyj",
    "nz3upyz",
    "nxy9b4i",
    "nxiq52y",
    "nyk5pa2",
    "nxvhj7h",
    "ny4iayi",
    "nxuzsv2",
    "nxy9qcz",
    "nxroiz2",
    "nye23b7",
    "ny293gz",
    "nxpmphx",
    "nxv4o9y",
    "ny2f3ix",
    "nxct18i",
    "nxyjwp9",
    "nxy2dw5",
    "ny7e4vg",
    "nxmjmjk",
    "nz2tmab",
    "nxchy4o",
    "nyd0c6x",
    "ny2red8",
    "nxbokj1",
    "nz4b2xf",
    "nxphk4y",
    "nxgzw97",
    "nyu6hk3",
    "ny93dyv",
    "nxpwio9",
    "nxdhi17",
    "nxxzlrt",
    "nxcciit",
    "ny1sn8h",
    "ny2d52i",
    "nxwdkcz",
    "nxf2px2",
    "nyogoff",
    "nywt659",
    "nxhgz39",
    "nxqizg7",
    "nyk2ezz",
    "nxdk2bj",
    "nxcs3ob",
    "nxnhaht",
    "nxg73ar",
    "nxce127",
    "nxipkoz",
    "ny806ti"
  ],
  "replied_to_comments": [
    "nyeh36k",
    "nyatkw2",
    "nyda2si",
    "nxfa10f",
    "nxoqf2s",
    "nxrfg44",
    "nyxbzik",
    "nxnu18w",
    "nxnvb2g",
    "nyxndp0",
    "ny2if4k",
    "ny1iu98",
    "nxoqvar",
    "nxlantk",
    "nyejv3y",
    "nxoz47t",
    "nxrvrfq",
    "nxprbfb",
    "nxs31r5",
    "nyd61qq",
    "nxljllq",
    "ny218ha",
    "nxouf85",
    "nynrr7v",
    "nxswpsn",
    "nxpmi38",
    "nygnxsu",
    "ny4wihf",
    "nxv10fn",
    "nz37po5",
    "nxfmbhz",
    "ny969lr",
    "nxfsczs",
    "nyets82",
    "nxfx0n7",
    "nxswgju",
    "nyewf4j",
    "nz25l7r"
  ],
  "recent_user_replies": {},
  "daily_replies": 1,
  "summon_responses": [
    "ny4klb3",
    "nyd4bhl",
    "nyvqp5q",
    "nxoypc4",
    "ny4ta0j",
    "nz1vr7p",
    "ny882ti",
    "ny3grix"
  ],
  "moderator_cache": {
    "moderators": [
      "stealthispost",
      "AutoModerator",
      "44th--Hokage",
      "porcelainfog",
      "09387456098490856",
      "tropicalisim0",
      "Illustrious-Lime-863",
      "HeinrichTheWolf_17",
      "random87643",
      "cloudrunner6969",
      "SgathTriallair",
      "bot-bouncer",
      "evasion-guard",
      "subscriber-count",
      "trendingtattler",
      "manipulation-pi",
      "erase-user",
      "yt-app",
      "queue-pruner",
      "ai-moderator",
      "modmail-userinfo",
      "hive-protect",
      "subguard",
      "flag-app",
      "OptimistPrime_AI_Bot"
    ],
    "last_refresh": 1768090782.847581
  },
  "crosspost": {
    "history": [
      {
        "source_post_id": "1q91uxz",
        "source_url": "https://reddit.com/r/accelerate/comments/1q91uxz/artificial_brains_could_point_the_way_to/",
        "target_url": "https://reddit.com/r/ProAI/comments/1q9lj8e/artificial_brains_could_point_the_way_to/",
        "original_title": "Artificial brains could point the way to ultra-efficient supercomputers",
        "enhanced_title": "Artificial brains could point the way to ultra-efficient supercomputers - this is huge",
        "timestamp": "2026-01-11T01:08:45.951758",
        "score_at_crosspost": 53
      },
      {
        "source_post_id": "1qa0ctw",
        "source_url": "https://reddit.com/r/accelerate/comments/1qa0ctw/the_gentle_singularity_the_fast_takeoff/",
        "target_url": "https://reddit.com/r/ProAI/comments/1qaintg/the_gentle_singularity_the_fast_takeoff_this_is/",
        "original_title": "The Gentle Singularity; The Fast Takeoff",
        "enhanced_title": "The Gentle Singularity; The Fast Takeoff - this is huge",
        "timestamp": "2026-01-12T02:22:59.738087",
        "score_at_crosspost": 54
      }
    ],
    "last_crosspost_date": "2026-01-12",
    "daily_crossposts": 1,
    "scheduled_date": "2026-01-12",
    "scheduled_hour": 2,
    "skip_today": false
  }
}