{
  "total_tldrs": 295,
  "total_tokens": 921577,
  "total_cost": 0.11933919999999987,
  "runs": 4243,
  "last_run": "2026-02-17T17:41:15.864257"
}