{
  "total_tldrs": 267,
  "total_tokens": 838123,
  "total_cost": 0.10909599999999985,
  "runs": 3727,
  "last_run": "2026-02-10T03:39:28.957400"
}