{
  "total_tldrs": 248,
  "total_tokens": 789372,
  "total_cost": 0.10304819999999987,
  "runs": 3460,
  "last_run": "2026-02-06T15:03:58.375284"
}