{
  "total_tldrs": 112,
  "total_tokens": 293016,
  "total_cost": 0.03819179999999997,
  "runs": 1025,
  "last_run": "2026-01-11T21:50:35.594411"
}