{
  "total_tldrs": 268,
  "total_tokens": 840577,
  "total_cost": 0.10941669999999984,
  "runs": 3753,
  "last_run": "2026-02-10T16:01:47.128282"
}