{
  "total_tldrs": 103,
  "total_tokens": 261024,
  "total_cost": 0.03399689999999999,
  "runs": 698,
  "last_run": "2026-01-09T07:48:58.724711"
}