{
  "total_tldrs": 104,
  "total_tokens": 262692,
  "total_cost": 0.034206899999999985,
  "runs": 715,
  "last_run": "2026-01-09T11:09:11.760601"
}