{
  "total_tldrs": 300,
  "total_tokens": 933673,
  "total_cost": 0.12090609999999988,
  "runs": 4320,
  "last_run": "2026-02-18T22:33:48.904054"
}