{
  "total_tldrs": 157,
  "total_tokens": 465133,
  "total_cost": 0.06058239999999996,
  "runs": 1893,
  "last_run": "2026-01-19T19:00:08.816163"
}