{
  "total_tldrs": 92,
  "total_tokens": 233892,
  "total_cost": 0.030440099999999998,
  "runs": 616,
  "last_run": "2026-01-08T12:51:27.895520"
}