{
  "total_tldrs": 232,
  "total_tokens": 754915,
  "total_cost": 0.09859959999999987,
  "runs": 3216,
  "last_run": "2026-02-02T23:06:56.839981"
}