{
  "total_tldrs": 139,
  "total_tokens": 402033,
  "total_cost": 0.05220599999999996,
  "runs": 1521,
  "last_run": "2026-01-16T14:56:12.549394"
}