{
  "total_tldrs": 154,
  "total_tokens": 451739,
  "total_cost": 0.058760899999999956,
  "runs": 1803,
  "last_run": "2026-01-18T20:19:32.131377"
}