{
  "total_tldrs": 152,
  "total_tokens": 436124,
  "total_cost": 0.05671549999999996,
  "runs": 1687,
  "last_run": "2026-01-17T21:46:46.738311"
}