{
  "total_tldrs": 156,
  "total_tokens": 461037,
  "total_cost": 0.06002039999999996,
  "runs": 1866,
  "last_run": "2026-01-19T12:57:59.610841"
}