{
  "total_tldrs": 101,
  "total_tokens": 257265,
  "total_cost": 0.03350519999999999,
  "runs": 693,
  "last_run": "2026-01-09T06:49:20.041294"
}