{
  "total_tldrs": 132,
  "total_tokens": 375815,
  "total_cost": 0.04884889999999995,
  "runs": 1418,
  "last_run": "2026-01-15T16:03:36.804087"
}