{
  "total_tldrs": 195,
  "total_tokens": 619243,
  "total_cost": 0.08069169999999988,
  "runs": 2603,
  "last_run": "2026-01-26T17:05:55.883920"
}