{
  "total_tldrs": 252,
  "total_tokens": 798421,
  "total_cost": 0.10423359999999987,
  "runs": 3552,
  "last_run": "2026-02-07T17:10:40.792973"
}