{
  "total_tldrs": 117,
  "total_tokens": 313896,
  "total_cost": 0.04083449999999997,
  "runs": 1074,
  "last_run": "2026-01-12T11:00:33.015636"
}