{
  "total_tldrs": 300,
  "total_tokens": 935376,
  "total_cost": 0.12108899999999988,
  "runs": 4335,
  "last_run": "2026-02-19T06:05:05.648307"
}