{
  "total_tldrs": 193,
  "total_tokens": 598515,
  "total_cost": 0.07796759999999989,
  "runs": 2488,
  "last_run": "2026-01-25T15:04:46.743672"
}