{
  "total_tldrs": 139,
  "total_tokens": 399498,
  "total_cost": 0.05186999999999996,
  "runs": 1510,
  "last_run": "2026-01-16T12:11:17.420682"
}