{
  "total_tldrs": 158,
  "total_tokens": 473298,
  "total_cost": 0.06162149999999996,
  "runs": 1938,
  "last_run": "2026-01-20T06:13:15.856646"
}