{
  "total_tldrs": 257,
  "total_tokens": 812560,
  "total_cost": 0.10595949999999986,
  "runs": 3592,
  "last_run": "2026-02-08T06:08:29.471831"
}