{
  "total_tldrs": 109,
  "total_tokens": 277030,
  "total_cost": 0.03615639999999999,
  "runs": 905,
  "last_run": "2026-01-10T22:48:28.658528"
}