{
  "total_tldrs": 158,
  "total_tokens": 469919,
  "total_cost": 0.06121669999999996,
  "runs": 1925,
  "last_run": "2026-01-20T00:46:04.081437"
}