{
  "total_tldrs": 111,
  "total_tokens": 290276,
  "total_cost": 0.03780289999999998,
  "runs": 1014,
  "last_run": "2026-01-11T20:05:43.141423"
}