{
  "total_tldrs": 267,
  "total_tokens": 835166,
  "total_cost": 0.10877419999999985,
  "runs": 3725,
  "last_run": "2026-02-10T01:36:18.855922"
}