{
  "total_tldrs": 267,
  "total_tokens": 839369,
  "total_cost": 0.10923199999999984,
  "runs": 3734,
  "last_run": "2026-02-10T07:41:08.385547"
}