{
  "total_tldrs": 175,
  "total_tokens": 525458,
  "total_cost": 0.06848539999999992,
  "runs": 2111,
  "last_run": "2026-01-22T05:31:47.113061"
}