{
  "total_tldrs": 134,
  "total_tokens": 384156,
  "total_cost": 0.04991639999999996,
  "runs": 1458,
  "last_run": "2026-01-15T23:33:32.523249"
}