{
  "total_tldrs": 227,
  "total_tokens": 743234,
  "total_cost": 0.09713329999999987,
  "runs": 3072,
  "last_run": "2026-01-31T22:48:05.911072"
}