{
  "total_tldrs": 271,
  "total_tokens": 851031,
  "total_cost": 0.11065889999999984,
  "runs": 3785,
  "last_run": "2026-02-11T07:10:18.697462"
}