{
  "total_tldrs": 177,
  "total_tokens": 532872,
  "total_cost": 0.06947819999999992,
  "runs": 2148,
  "last_run": "2026-01-22T14:33:19.052415"
}