{
  "total_tldrs": 248,
  "total_tokens": 790428,
  "total_cost": 0.10316249999999987,
  "runs": 3465,
  "last_run": "2026-02-06T16:40:59.581030"
}