{
  "total_tldrs": 186,
  "total_tokens": 567797,
  "total_cost": 0.07396639999999992,
  "runs": 2289,
  "last_run": "2026-01-23T22:39:40.211200"
}