{
  "total_tldrs": 191,
  "total_tokens": 587213,
  "total_cost": 0.0765025999999999,
  "runs": 2402,
  "last_run": "2026-01-24T20:42:37.725599"
}