{
  "total_tldrs": 237,
  "total_tokens": 767169,
  "total_cost": 0.10014269999999988,
  "runs": 3329,
  "last_run": "2026-02-04T17:08:13.062575"
}