{
  "total_tldrs": 285,
  "total_tokens": 900312,
  "total_cost": 0.11662979999999984,
  "runs": 3965,
  "last_run": "2026-02-14T04:52:58.591034"
}