{
  "total_tldrs": 236,
  "total_tokens": 765826,
  "total_cost": 0.09996279999999988,
  "runs": 3316,
  "last_run": "2026-02-04T12:23:32.094861"
}