{
  "total_tldrs": 99,
  "total_tokens": 252966,
  "total_cost": 0.03291269999999999,
  "runs": 679,
  "last_run": "2026-01-09T02:13:32.609974"
}