{
  "total_tldrs": 90,
  "total_tokens": 230168,
  "total_cost": 0.029954299999999996,
  "runs": 572,
  "last_run": "2026-01-08T02:55:17.811306"
}