{
  "total_tldrs": 273,
  "total_tokens": 853843,
  "total_cost": 0.11101209999999985,
  "runs": 3791,
  "last_run": "2026-02-11T09:30:45.056270"
}