{
  "total_tldrs": 125,
  "total_tokens": 357133,
  "total_cost": 0.04646379999999996,
  "runs": 1300,
  "last_run": "2026-01-14T14:14:01.172324"
}