{
  "total_tldrs": 128,
  "total_tokens": 364292,
  "total_cost": 0.04738279999999996,
  "runs": 1357,
  "last_run": "2026-01-15T02:31:32.111193"
}