{
  "total_tldrs": 213,
  "total_tokens": 702200,
  "total_cost": 0.09169999999999988,
  "runs": 2888,
  "last_run": "2026-01-29T20:57:41.990563"
}