{
  "total_tldrs": 213,
  "total_tokens": 704663,
  "total_cost": 0.09201859999999988,
  "runs": 2895,
  "last_run": "2026-01-29T22:27:22.837411"
}