{
  "total_tldrs": 267,
  "total_tokens": 833068,
  "total_cost": 0.10854729999999986,
  "runs": 3714,
  "last_run": "2026-02-09T21:22:29.247230"
}