{
  "total_tldrs": 309,
  "total_tokens": 965587,
  "total_cost": 0.12477669999999985,
  "runs": 4522,
  "last_run": "2026-02-21T17:18:54.993842"
}