{
  "total_tldrs": 113,
  "total_tokens": 298423,
  "total_cost": 0.038872599999999966,
  "runs": 1039,
  "last_run": "2026-01-11T23:57:27.647881"
}