{
  "total_tldrs": 186,
  "total_tokens": 574780,
  "total_cost": 0.0748458999999999,
  "runs": 2346,
  "last_run": "2026-01-24T11:13:24.353066"
}