{
  "total_tldrs": 243,
  "total_tokens": 779685,
  "total_cost": 0.10177829999999988,
  "runs": 3413,
  "last_run": "2026-02-05T21:46:22.093548"
}