{
  "total_tldrs": 133,
  "total_tokens": 381041,
  "total_cost": 0.049494499999999955,
  "runs": 1444,
  "last_run": "2026-01-15T21:08:30.104429"
}