{
  "total_tldrs": 235,
  "total_tokens": 762476,
  "total_cost": 0.09952399999999988,
  "runs": 3300,
  "last_run": "2026-02-04T07:30:17.335400"
}