{
  "total_tldrs": 296,
  "total_tokens": 925163,
  "total_cost": 0.11979379999999987,
  "runs": 4271,
  "last_run": "2026-02-18T04:15:09.988633"
}