{
  "total_tldrs": 154,
  "total_tokens": 452503,
  "total_cost": 0.05886639999999996,
  "runs": 1818,
  "last_run": "2026-01-18T23:05:59.971331"
}