{
  "total_tldrs": 134,
  "total_tokens": 382761,
  "total_cost": 0.049730999999999956,
  "runs": 1455,
  "last_run": "2026-01-15T22:59:40.902215"
}