{
  "total_tldrs": 239,
  "total_tokens": 774208,
  "total_cost": 0.10103799999999988,
  "runs": 3376,
  "last_run": "2026-02-05T10:04:41.790741"
}