{
  "total_tldrs": 171,
  "total_tokens": 512950,
  "total_cost": 0.06684789999999992,
  "runs": 2090,
  "last_run": "2026-01-21T21:58:58.017851"
}