{
  "total_tldrs": 152,
  "total_tokens": 437577,
  "total_cost": 0.05690789999999996,
  "runs": 1704,
  "last_run": "2026-01-18T01:09:25.218226"
}