{
  "total_tldrs": 122,
  "total_tokens": 347929,
  "total_cost": 0.04527789999999997,
  "runs": 1211,
  "last_run": "2026-01-13T17:42:56.639265"
}