{
  "total_tldrs": 223,
  "total_tokens": 738280,
  "total_cost": 0.09644709999999987,
  "runs": 3025,
  "last_run": "2026-01-31T13:52:37.753335"
}