{
  "total_tldrs": 106,
  "total_tokens": 271571,
  "total_cost": 0.03538489999999999,
  "runs": 778,
  "last_run": "2026-01-09T22:59:37.650766"
}