{
  "total_tldrs": 148,
  "total_tokens": 424920,
  "total_cost": 0.05523359999999995,
  "runs": 1626,
  "last_run": "2026-01-17T11:49:50.198783"
}