{
  "total_tldrs": 208,
  "total_tokens": 685035,
  "total_cost": 0.08939729999999987,
  "runs": 2824,
  "last_run": "2026-01-28T23:14:18.744657"
}