{
  "total_tldrs": 239,
  "total_tokens": 772282,
  "total_cost": 0.10082709999999988,
  "runs": 3354,
  "last_run": "2026-02-04T23:43:09.696535"
}