{
  "total_tldrs": 179,
  "total_tokens": 543528,
  "total_cost": 0.07084229999999991,
  "runs": 2190,
  "last_run": "2026-01-22T23:25:02.112670"
}