{
  "total_tldrs": 144,
  "total_tokens": 415263,
  "total_cost": 0.05398169999999996,
  "runs": 1576,
  "last_run": "2026-01-17T01:46:57.435935"
}