{
  "total_tldrs": 176,
  "total_tokens": 529811,
  "total_cost": 0.06906139999999991,
  "runs": 2124,
  "last_run": "2026-01-22T08:29:10.259324"
}