{
  "total_tldrs": 307,
  "total_tokens": 957760,
  "total_cost": 0.12386139999999986,
  "runs": 4458,
  "last_run": "2026-02-20T23:16:16.693431"
}