{
  "total_tldrs": 154,
  "total_tokens": 453806,
  "total_cost": 0.05904589999999996,
  "runs": 1828,
  "last_run": "2026-01-19T02:45:19.170085"
}