{
  "total_tldrs": 211,
  "total_tokens": 696895,
  "total_cost": 0.09094959999999988,
  "runs": 2860,
  "last_run": "2026-01-29T12:49:23.970501"
}