{
  "total_tldrs": 109,
  "total_tokens": 282727,
  "total_cost": 0.036864399999999985,
  "runs": 921,
  "last_run": "2026-01-11T03:10:14.408477"
}