{
  "total_tldrs": 106,
  "total_tokens": 272059,
  "total_cost": 0.03545319999999999,
  "runs": 857,
  "last_run": "2026-01-10T15:14:42.490886"
}