{
  "total_tldrs": 257,
  "total_tokens": 814737,
  "total_cost": 0.10619969999999986,
  "runs": 3598,
  "last_run": "2026-02-08T07:59:49.079670"
}