{
  "total_tldrs": 113,
  "total_tokens": 295998,
  "total_cost": 0.03853919999999997,
  "runs": 1033,
  "last_run": "2026-01-11T23:03:05.726930"
}