{
  "total_tldrs": 122,
  "total_tokens": 346007,
  "total_cost": 0.04502119999999997,
  "runs": 1204,
  "last_run": "2026-01-13T15:52:43.536395"
}