{
  "total_tldrs": 146,
  "total_tokens": 421532,
  "total_cost": 0.054773299999999955,
  "runs": 1610,
  "last_run": "2026-01-17T09:31:20.461501"
}