{
  "total_tldrs": 125,
  "total_tokens": 357133,
  "total_cost": 0.04646379999999996,
  "runs": 1301,
  "last_run": "2026-01-14T14:27:59.533341"
}