{
  "total_tldrs": 204,
  "total_tokens": 653577,
  "total_cost": 0.08524469999999984,
  "runs": 2736,
  "last_run": "2026-01-28T00:44:53.224992"
}