{
  "total_tldrs": 195,
  "total_tokens": 606145,
  "total_cost": 0.07902069999999987,
  "runs": 2537,
  "last_run": "2026-01-25T23:00:06.575893"
}