{
  "total_tldrs": 275,
  "total_tokens": 872904,
  "total_cost": 0.11320829999999986,
  "runs": 3826,
  "last_run": "2026-02-11T22:30:36.124445"
}