{
  "total_tldrs": 186,
  "total_tokens": 574780,
  "total_cost": 0.0748458999999999,
  "runs": 2333,
  "last_run": "2026-01-24T09:09:57.378510"
}