{
  "total_tldrs": 192,
  "total_tokens": 592516,
  "total_cost": 0.07722789999999989,
  "runs": 2428,
  "last_run": "2026-01-25T02:02:22.440457"
}