{
  "total_tldrs": 276,
  "total_tokens": 876348,
  "total_cost": 0.11364089999999985,
  "runs": 3858,
  "last_run": "2026-02-12T12:27:35.845246"
}