{
  "total_tldrs": 304,
  "total_tokens": 943135,
  "total_cost": 0.12206649999999987,
  "runs": 4402,
  "last_run": "2026-02-20T07:16:48.043277"
}