{
  "total_tldrs": 204,
  "total_tokens": 651493,
  "total_cost": 0.08499429999999984,
  "runs": 2732,
  "last_run": "2026-01-27T23:41:11.383868"
}