{
  "total_tldrs": 92,
  "total_tokens": 233001,
  "total_cost": 0.030340199999999998,
  "runs": 594,
  "last_run": "2026-01-08T08:16:33.416618"
}