{
  "total_tldrs": 294,
  "total_tokens": 919909,
  "total_cost": 0.11909769999999986,
  "runs": 4242,
  "last_run": "2026-02-17T17:16:47.194273"
}