{
  "total_tldrs": 151,
  "total_tokens": 431111,
  "total_cost": 0.056053699999999956,
  "runs": 1663,
  "last_run": "2026-01-17T18:00:38.954744"
}