{
  "total_tldrs": 97,
  "total_tokens": 249622,
  "total_cost": 0.03249909999999999,
  "runs": 649,
  "last_run": "2026-01-08T19:52:33.007921"
}