{
  "total_tldrs": 154,
  "total_tokens": 452503,
  "total_cost": 0.05886639999999996,
  "runs": 1819,
  "last_run": "2026-01-18T23:17:03.734938"
}