{
  "total_tldrs": 126,
  "total_tokens": 359317,
  "total_cost": 0.046770399999999955,
  "runs": 1312,
  "last_run": "2026-01-14T16:45:23.419915"
}