{
  "total_tldrs": 183,
  "total_tokens": 560051,
  "total_cost": 0.07291459999999991,
  "runs": 2243,
  "last_run": "2026-01-23T13:25:52.476439"
}