{
  "total_tldrs": 127,
  "total_tokens": 361142,
  "total_cost": 0.047014399999999956,
  "runs": 1354,
  "last_run": "2026-01-15T00:37:53.467422"
}