{
  "total_tldrs": 132,
  "total_tokens": 375334,
  "total_cost": 0.04878639999999995,
  "runs": 1411,
  "last_run": "2026-01-15T14:39:04.061471"
}