{
  "total_tldrs": 210,
  "total_tokens": 690952,
  "total_cost": 0.09013599999999988,
  "runs": 2833,
  "last_run": "2026-01-29T03:55:14.008363"
}