{
  "total_tldrs": 156,
  "total_tokens": 462012,
  "total_cost": 0.06015389999999996,
  "runs": 1874,
  "last_run": "2026-01-19T15:04:24.160980"
}