{
  "total_tldrs": 191,
  "total_tokens": 590959,
  "total_cost": 0.0770127999999999,
  "runs": 2410,
  "last_run": "2026-01-24T21:49:57.200262"
}