{
  "total_tldrs": 150,
  "total_tokens": 429303,
  "total_cost": 0.055814999999999955,
  "runs": 1656,
  "last_run": "2026-01-17T17:01:13.626807"
}