{
  "total_tldrs": 111,
  "total_tokens": 291193,
  "total_cost": 0.037927299999999976,
  "runs": 1021,
  "last_run": "2026-01-11T21:15:11.918869"
}