{
  "total_tldrs": 278,
  "total_tokens": 879279,
  "total_cost": 0.11406359999999985,
  "runs": 3870,
  "last_run": "2026-02-12T17:29:27.501691"
}