{
  "total_tldrs": 154,
  "total_tokens": 450093,
  "total_cost": 0.058572599999999954,
  "runs": 1764,
  "last_run": "2026-01-18T14:11:17.400541"
}