{
  "total_tldrs": 197,
  "total_tokens": 632924,
  "total_cost": 0.08250619999999988,
  "runs": 2663,
  "last_run": "2026-01-27T08:30:21.079320"
}