{
  "total_tldrs": 233,
  "total_tokens": 758177,
  "total_cost": 0.09899839999999988,
  "runs": 3260,
  "last_run": "2026-02-03T16:33:45.496262"
}