{
  "total_tldrs": 162,
  "total_tokens": 499295,
  "total_cost": 0.06505909999999994,
  "runs": 2045,
  "last_run": "2026-01-21T10:12:57.293036"
}