{
  "total_tldrs": 166,
  "total_tokens": 504773,
  "total_cost": 0.06578749999999993,
  "runs": 2065,
  "last_run": "2026-01-21T15:16:19.561559"
}