{
  "total_tldrs": 159,
  "total_tokens": 477560,
  "total_cost": 0.06219259999999996,
  "runs": 1954,
  "last_run": "2026-01-20T09:59:33.051450"
}