{
  "total_tldrs": 308,
  "total_tokens": 964121,
  "total_cost": 0.12457789999999985,
  "runs": 4513,
  "last_run": "2026-02-21T15:26:16.453106"
}