{
  "total_tldrs": 106,
  "total_tokens": 272059,
  "total_cost": 0.03545319999999999,
  "runs": 816,
  "last_run": "2026-01-10T08:17:15.125178"
}