{
  "total_tldrs": 175,
  "total_tokens": 526883,
  "total_cost": 0.06867139999999992,
  "runs": 2118,
  "last_run": "2026-01-22T07:15:20.928051"
}