{
  "total_tldrs": 227,
  "total_tokens": 743234,
  "total_cost": 0.09713329999999987,
  "runs": 3075,
  "last_run": "2026-01-31T23:19:58.597744"
}