{
  "total_tldrs": 134,
  "total_tokens": 382761,
  "total_cost": 0.049730999999999956,
  "runs": 1450,
  "last_run": "2026-01-15T22:07:54.041570"
}