{
  "total_tldrs": 180,
  "total_tokens": 554397,
  "total_cost": 0.07216439999999992,
  "runs": 2212,
  "last_run": "2026-01-23T06:52:23.023555"
}