{
  "total_tldrs": 132,
  "total_tokens": 375334,
  "total_cost": 0.04878639999999995,
  "runs": 1405,
  "last_run": "2026-01-15T13:05:29.646853"
}