{
  "total_tldrs": 197,
  "total_tokens": 632074,
  "total_cost": 0.08238939999999988,
  "runs": 2644,
  "last_run": "2026-01-27T03:54:22.958665"
}