{
  "total_tldrs": 157,
  "total_tokens": 468150,
  "total_cost": 0.060992699999999955,
  "runs": 1920,
  "last_run": "2026-01-19T23:33:10.517556"
}