{
  "total_tldrs": 203,
  "total_tokens": 649084,
  "total_cost": 0.08468409999999983,
  "runs": 2721,
  "last_run": "2026-01-27T21:47:33.344894"
}