{
  "total_tldrs": 195,
  "total_tokens": 617858,
  "total_cost": 0.08050759999999987,
  "runs": 2599,
  "last_run": "2026-01-26T16:06:34.936887"
}