{
  "total_tldrs": 163,
  "total_tokens": 500241,
  "total_cost": 0.06518879999999994,
  "runs": 2047,
  "last_run": "2026-01-21T10:44:28.596000"
}