{
  "total_tldrs": 141,
  "total_tokens": 404848,
  "total_cost": 0.05259759999999996,
  "runs": 1532,
  "last_run": "2026-01-16T17:07:31.769249"
}