{
  "total_tldrs": 191,
  "total_tokens": 583941,
  "total_cost": 0.0760589999999999,
  "runs": 2378,
  "last_run": "2026-01-24T16:53:55.560933"
}