{
  "total_tldrs": 218,
  "total_tokens": 729248,
  "total_cost": 0.09527029999999988,
  "runs": 2972,
  "last_run": "2026-01-30T22:35:28.204440"
}