{
  "total_tldrs": 100,
  "total_tokens": 254251,
  "total_cost": 0.03308499999999999,
  "runs": 681,
  "last_run": "2026-01-09T03:36:52.202200"
}