{
  "total_tldrs": 98,
  "total_tokens": 251781,
  "total_cost": 0.03275519999999999,
  "runs": 667,
  "last_run": "2026-01-08T22:48:37.409906"
}