{
  "total_tldrs": 219,
  "total_tokens": 733342,
  "total_cost": 0.09577539999999989,
  "runs": 2984,
  "last_run": "2026-01-31T03:02:11.277780"
}