{
  "total_tldrs": 177,
  "total_tokens": 531672,
  "total_cost": 0.06931679999999991,
  "runs": 2144,
  "last_run": "2026-01-22T13:25:17.367400"
}