{
  "total_tldrs": 308,
  "total_tokens": 962361,
  "total_cost": 0.12438809999999986,
  "runs": 4476,
  "last_run": "2026-02-21T07:13:18.755780"
}