{
  "total_tldrs": 308,
  "total_tokens": 962361,
  "total_cost": 0.12438809999999986,
  "runs": 4482,
  "last_run": "2026-02-21T08:29:36.363081"
}