{
  "total_tldrs": 162,
  "total_tokens": 496848,
  "total_cost": 0.06473339999999994,
  "runs": 2028,
  "last_run": "2026-01-21T06:13:32.769035"
}