{
  "total_tldrs": 154,
  "total_tokens": 450093,
  "total_cost": 0.058572599999999954,
  "runs": 1770,
  "last_run": "2026-01-18T15:04:11.515578"
}