{
  "total_tldrs": 113,
  "total_tokens": 298922,
  "total_cost": 0.03893929999999997,
  "runs": 1041,
  "last_run": "2026-01-12T00:55:06.684665"
}