{
  "total_tldrs": 192,
  "total_tokens": 592516,
  "total_cost": 0.07722789999999989,
  "runs": 2429,
  "last_run": "2026-01-25T02:58:54.592215"
}