{
  "total_tldrs": 268,
  "total_tokens": 840577,
  "total_cost": 0.10941669999999984,
  "runs": 3760,
  "last_run": "2026-02-10T19:06:32.565667"
}