{
  "total_tldrs": 192,
  "total_tokens": 595650,
  "total_cost": 0.07756859999999989,
  "runs": 2441,
  "last_run": "2026-01-25T06:48:12.720145"
}