{
  "total_tldrs": 186,
  "total_tokens": 568540,
  "total_cost": 0.07406799999999991,
  "runs": 2294,
  "last_run": "2026-01-23T23:27:37.993698"
}