{
  "total_tldrs": 267,
  "total_tokens": 833068,
  "total_cost": 0.10854729999999986,
  "runs": 3722,
  "last_run": "2026-02-09T23:45:56.250715"
}