{
  "total_tldrs": 152,
  "total_tokens": 432626,
  "total_cost": 0.05625649999999996,
  "runs": 1678,
  "last_run": "2026-01-17T20:28:48.925858"
}