{
  "total_tldrs": 198,
  "total_tokens": 634934,
  "total_cost": 0.08278009999999987,
  "runs": 2691,
  "last_run": "2026-01-27T15:33:05.397846"
}