{
  "total_tldrs": 311,
  "total_tokens": 967864,
  "total_cost": 0.12507279999999985,
  "runs": 4540,
  "last_run": "2026-02-21T20:57:53.396789"
}