{
  "total_tldrs": 182,
  "total_tokens": 557479,
  "total_cost": 0.07258179999999992,
  "runs": 2239,
  "last_run": "2026-01-23T12:07:19.664135"
}