{
  "total_tldrs": 195,
  "total_tokens": 614566,
  "total_cost": 0.08009379999999988,
  "runs": 2589,
  "last_run": "2026-01-26T13:44:28.471014"
}