{
  "total_tldrs": 204,
  "total_tokens": 650268,
  "total_cost": 0.08483249999999984,
  "runs": 2722,
  "last_run": "2026-01-27T21:54:59.716450"
}