{
  "total_tldrs": 191,
  "total_tokens": 585172,
  "total_cost": 0.07622559999999991,
  "runs": 2381,
  "last_run": "2026-01-24T17:21:08.893125"
}