{
  "total_tldrs": 213,
  "total_tokens": 708049,
  "total_cost": 0.09241989999999987,
  "runs": 2922,
  "last_run": "2026-01-30T09:15:04.985832"
}