{
  "total_tldrs": 234,
  "total_tokens": 759139,
  "total_cost": 0.09912519999999987,
  "runs": 3293,
  "last_run": "2026-02-04T04:42:51.630190"
}