{
  "total_tldrs": 110,
  "total_tokens": 288541,
  "total_cost": 0.03757779999999998,
  "runs": 961,
  "last_run": "2026-01-11T11:14:04.014620"
}