{
  "total_tldrs": 90,
  "total_tokens": 230168,
  "total_cost": 0.029954299999999996,
  "runs": 573,
  "last_run": "2026-01-08T03:21:14.287485"
}