{
  "total_tldrs": 258,
  "total_tokens": 816906,
  "total_cost": 0.10645889999999986,
  "runs": 3621,
  "last_run": "2026-02-08T13:24:09.198767"
}