{
  "total_tldrs": 118,
  "total_tokens": 321506,
  "total_cost": 0.041875399999999965,
  "runs": 1096,
  "last_run": "2026-01-12T15:56:06.651869"
}