{
  "total_tldrs": 234,
  "total_tokens": 759139,
  "total_cost": 0.09912519999999987,
  "runs": 3268,
  "last_run": "2026-02-03T19:36:22.579096"
}