{
  "total_tldrs": 107,
  "total_tokens": 273711,
  "total_cost": 0.03571019999999999,
  "runs": 865,
  "last_run": "2026-01-10T16:35:44.037678"
}