{
  "total_tldrs": 124,
  "total_tokens": 354366,
  "total_cost": 0.04608899999999996,
  "runs": 1264,
  "last_run": "2026-01-14T06:29:45.443171"
}