{
  "total_tldrs": 205,
  "total_tokens": 667966,
  "total_cost": 0.08707959999999985,
  "runs": 2787,
  "last_run": "2026-01-28T15:17:05.596489"
}