{
  "total_tldrs": 205,
  "total_tokens": 665731,
  "total_cost": 0.08677059999999985,
  "runs": 2765,
  "last_run": "2026-01-28T09:51:25.822886"
}