{
  "total_tldrs": 195,
  "total_tokens": 607252,
  "total_cost": 0.07916409999999988,
  "runs": 2544,
  "last_run": "2026-01-26T00:19:22.358954"
}