{
  "total_tldrs": 92,
  "total_tokens": 233892,
  "total_cost": 0.030440099999999998,
  "runs": 609,
  "last_run": "2026-01-08T11:22:48.725132"
}