{
  "total_tldrs": 250,
  "total_tokens": 794232,
  "total_cost": 0.10368269999999986,
  "runs": 3487,
  "last_run": "2026-02-06T22:44:03.885253"
}