{
  "total_tldrs": 162,
  "total_tokens": 499295,
  "total_cost": 0.06505909999999994,
  "runs": 2033,
  "last_run": "2026-01-21T07:32:59.953628"
}