{
  "total_tldrs": 239,
  "total_tokens": 774208,
  "total_cost": 0.10103799999999988,
  "runs": 3375,
  "last_run": "2026-02-05T09:45:08.681081"
}