{
  "total_tldrs": 104,
  "total_tokens": 262692,
  "total_cost": 0.034206899999999985,
  "runs": 714,
  "last_run": "2026-01-09T10:58:29.305298"
}