{
  "total_tldrs": 118,
  "total_tokens": 326227,
  "total_cost": 0.04247199999999997,
  "runs": 1101,
  "last_run": "2026-01-12T16:59:25.641439"
}