{
  "total_tldrs": 291,
  "total_tokens": 911653,
  "total_cost": 0.11806569999999984,
  "runs": 4139,
  "last_run": "2026-02-16T01:24:23.034723"
}