{
  "total_tldrs": 104,
  "total_tokens": 265039,
  "total_cost": 0.03452559999999999,
  "runs": 728,
  "last_run": "2026-01-09T14:00:40.238078"
}