{
  "total_tldrs": 158,
  "total_tokens": 473298,
  "total_cost": 0.06162149999999996,
  "runs": 1936,
  "last_run": "2026-01-20T05:47:46.983158"
}