{
  "total_tldrs": 154,
  "total_tokens": 448986,
  "total_cost": 0.05842889999999996,
  "runs": 1754,
  "last_run": "2026-01-18T11:59:08.188593"
}