{
  "total_tldrs": 303,
  "total_tokens": 942171,
  "total_cost": 0.12193589999999987,
  "runs": 4398,
  "last_run": "2026-02-20T05:41:57.236895"
}