{
  "total_tldrs": 159,
  "total_tokens": 475631,
  "total_cost": 0.06193909999999996,
  "runs": 1944,
  "last_run": "2026-01-20T07:45:04.012572"
}