{
  "total_tldrs": 217,
  "total_tokens": 722093,
  "total_cost": 0.09429349999999986,
  "runs": 2960,
  "last_run": "2026-01-30T19:59:03.509003"
}