{
  "total_tldrs": 228,
  "total_tokens": 747799,
  "total_cost": 0.09769239999999986,
  "runs": 3084,
  "last_run": "2026-02-01T04:30:08.406205"
}