{
  "total_tldrs": 278,
  "total_tokens": 881538,
  "total_cost": 0.11430089999999984,
  "runs": 3884,
  "last_run": "2026-02-12T21:50:52.762378"
}