{
  "total_tldrs": 154,
  "total_tokens": 451059,
  "total_cost": 0.058673699999999954,
  "runs": 1774,
  "last_run": "2026-01-18T15:45:28.885361"
}