{
  "total_tldrs": 263,
  "total_tokens": 826939,
  "total_cost": 0.10770219999999986,
  "runs": 3681,
  "last_run": "2026-02-09T07:38:54.812226"
}