{
  "total_tldrs": 110,
  "total_tokens": 285470,
  "total_cost": 0.03720229999999998,
  "runs": 933,
  "last_run": "2026-01-11T06:36:04.295386"
}