{
  "total_tldrs": 158,
  "total_tokens": 472560,
  "total_cost": 0.06152249999999996,
  "runs": 1931,
  "last_run": "2026-01-20T04:26:59.205657"
}