{
  "total_tldrs": 288,
  "total_tokens": 907191,
  "total_cost": 0.11751089999999983,
  "runs": 4039,
  "last_run": "2026-02-14T21:58:58.354125"
}