{
  "total_tldrs": 275,
  "total_tokens": 874784,
  "total_cost": 0.11342239999999985,
  "runs": 3847,
  "last_run": "2026-02-12T08:35:35.010035"
}