{
  "total_tldrs": 215,
  "total_tokens": 719570,
  "total_cost": 0.09395509999999987,
  "runs": 2946,
  "last_run": "2026-01-30T16:04:17.558124"
}