{
  "total_tldrs": 308,
  "total_tokens": 961524,
  "total_cost": 0.12429479999999986,
  "runs": 4475,
  "last_run": "2026-02-21T06:56:07.232508"
}