{
  "total_tldrs": 297,
  "total_tokens": 929048,
  "total_cost": 0.12027589999999987,
  "runs": 4299,
  "last_run": "2026-02-18T15:37:56.909217"
}