{
  "total_tldrs": 133,
  "total_tokens": 379413,
  "total_cost": 0.04932209999999995,
  "runs": 1436,
  "last_run": "2026-01-15T20:11:11.411568"
}