{
  "total_tldrs": 239,
  "total_tokens": 772282,
  "total_cost": 0.10082709999999988,
  "runs": 3358,
  "last_run": "2026-02-05T01:23:37.001853"
}