{
  "total_tldrs": 267,
  "total_tokens": 833068,
  "total_cost": 0.10854729999999986,
  "runs": 3718,
  "last_run": "2026-02-09T22:34:46.789462"
}