{
  "total_tldrs": 140,
  "total_tokens": 403773,
  "total_cost": 0.05244509999999996,
  "runs": 1528,
  "last_run": "2026-01-16T16:12:39.606479"
}