{
  "total_tldrs": 172,
  "total_tokens": 519237,
  "total_cost": 0.06767639999999991,
  "runs": 2104,
  "last_run": "2026-01-22T02:32:11.094450"
}