{
  "total_tldrs": 273,
  "total_tokens": 858235,
  "total_cost": 0.11150259999999985,
  "runs": 3805,
  "last_run": "2026-02-11T15:18:27.732998"
}