{
  "total_tldrs": 179,
  "total_tokens": 543528,
  "total_cost": 0.07084229999999991,
  "runs": 2192,
  "last_run": "2026-01-22T23:45:04.479681"
}