{
  "total_tldrs": 184,
  "total_tokens": 561491,
  "total_cost": 0.07310539999999992,
  "runs": 2264,
  "last_run": "2026-01-23T17:58:57.162309"
}