{
  "total_tldrs": 126,
  "total_tokens": 359317,
  "total_cost": 0.046770399999999955,
  "runs": 1325,
  "last_run": "2026-01-14T19:31:46.642221"
}