{
  "total_tldrs": 248,
  "total_tokens": 788347,
  "total_cost": 0.10293489999999987,
  "runs": 3457,
  "last_run": "2026-02-06T14:06:16.872929"
}