{
  "total_tldrs": 213,
  "total_tokens": 707564,
  "total_cost": 0.09235279999999987,
  "runs": 2915,
  "last_run": "2026-01-30T07:08:04.054594"
}