{
  "total_tldrs": 244,
  "total_tokens": 780925,
  "total_cost": 0.10195119999999988,
  "runs": 3419,
  "last_run": "2026-02-05T23:03:06.873630"
}