{
  "total_tldrs": 283,
  "total_tokens": 898660,
  "total_cost": 0.11641839999999984,
  "runs": 3954,
  "last_run": "2026-02-13T22:59:20.072915"
}