{
  "total_tldrs": 101,
  "total_tokens": 255925,
  "total_cost": 0.03332049999999999,
  "runs": 691,
  "last_run": "2026-01-09T06:14:55.437687"
}