{
  "total_tldrs": 273,
  "total_tokens": 853843,
  "total_cost": 0.11101209999999985,
  "runs": 3790,
  "last_run": "2026-02-11T09:06:31.844233"
}