{
  "total_tldrs": 101,
  "total_tokens": 255048,
  "total_cost": 0.03319559999999999,
  "runs": 682,
  "last_run": "2026-01-09T04:02:18.525291"
}