{
  "total_tldrs": 124,
  "total_tokens": 355157,
  "total_cost": 0.04620139999999996,
  "runs": 1272,
  "last_run": "2026-01-14T08:07:14.858294"
}