{
  "total_tldrs": 267,
  "total_tokens": 833068,
  "total_cost": 0.10854729999999986,
  "runs": 3717,
  "last_run": "2026-02-09T22:18:01.122542"
}