{
  "total_tldrs": 267,
  "total_tokens": 834096,
  "total_cost": 0.10865759999999985,
  "runs": 3724,
  "last_run": "2026-02-10T00:56:33.060138"
}