{
  "total_tldrs": 205,
  "total_tokens": 668754,
  "total_cost": 0.08718419999999985,
  "runs": 2788,
  "last_run": "2026-01-28T15:32:56.831456"
}