{
  "total_tldrs": 107,
  "total_tokens": 273711,
  "total_cost": 0.03571019999999999,
  "runs": 863,
  "last_run": "2026-01-10T16:08:44.427710"
}