{
  "total_tldrs": 213,
  "total_tokens": 704663,
  "total_cost": 0.09201859999999988,
  "runs": 2890,
  "last_run": "2026-01-29T21:24:07.827443"
}