{
  "total_tldrs": 186,
  "total_tokens": 568540,
  "total_cost": 0.07406799999999991,
  "runs": 2295,
  "last_run": "2026-01-23T23:38:07.206380"
}