{
  "total_tldrs": 121,
  "total_tokens": 342970,
  "total_cost": 0.04461699999999997,
  "runs": 1195,
  "last_run": "2026-01-13T14:00:05.601006"
}