{
  "total_tldrs": 195,
  "total_tokens": 604301,
  "total_cost": 0.07877329999999988,
  "runs": 2527,
  "last_run": "2026-01-25T21:32:36.610992"
}