{
  "total_tldrs": 171,
  "total_tokens": 515565,
  "total_cost": 0.06719639999999992,
  "runs": 2092,
  "last_run": "2026-01-21T22:23:34.360518"
}