{
  "total_tldrs": 195,
  "total_tokens": 606715,
  "total_cost": 0.07909449999999987,
  "runs": 2542,
  "last_run": "2026-01-25T23:49:39.411436"
}