{
  "total_tldrs": 257,
  "total_tokens": 816041,
  "total_cost": 0.10634179999999986,
  "runs": 3600,
  "last_run": "2026-02-08T08:30:17.309134"
}