{
  "total_tldrs": 257,
  "total_tokens": 812560,
  "total_cost": 0.10595949999999986,
  "runs": 3591,
  "last_run": "2026-02-08T05:46:46.496709"
}