{
  "total_tldrs": 118,
  "total_tokens": 326227,
  "total_cost": 0.04247199999999997,
  "runs": 1105,
  "last_run": "2026-01-12T17:47:24.183782"
}