{
  "total_tldrs": 273,
  "total_tokens": 856061,
  "total_cost": 0.11125609999999986,
  "runs": 3796,
  "last_run": "2026-02-11T11:24:20.852925"
}