{
  "total_tldrs": 157,
  "total_tokens": 467140,
  "total_cost": 0.06085209999999996,
  "runs": 1905,
  "last_run": "2026-01-19T20:55:37.398939"
}