{
  "total_tldrs": 205,
  "total_tokens": 661031,
  "total_cost": 0.08618779999999984,
  "runs": 2740,
  "last_run": "2026-01-28T03:27:42.772301"
}