{
  "total_tldrs": 105,
  "total_tokens": 269673,
  "total_cost": 0.03513779999999999,
  "runs": 769,
  "last_run": "2026-01-09T21:37:31.076396"
}