{
  "total_tldrs": 250,
  "total_tokens": 794232,
  "total_cost": 0.10368269999999986,
  "runs": 3496,
  "last_run": "2026-02-07T01:17:38.677078"
}