{
  "total_tldrs": 260,
  "total_tokens": 821259,
  "total_cost": 0.10698779999999986,
  "runs": 3640,
  "last_run": "2026-02-08T17:53:55.616042"
}