{
  "total_tldrs": 195,
  "total_tokens": 623289,
  "total_cost": 0.08121719999999988,
  "runs": 2618,
  "last_run": "2026-01-26T20:19:44.391358"
}