{
  "total_tldrs": 156,
  "total_tokens": 462012,
  "total_cost": 0.06015389999999996,
  "runs": 1876,
  "last_run": "2026-01-19T15:30:51.521303"
}