{
  "total_tldrs": 296,
  "total_tokens": 924157,
  "total_cost": 0.11967939999999987,
  "runs": 4269,
  "last_run": "2026-02-18T02:22:23.413851"
}