{
  "total_tldrs": 211,
  "total_tokens": 695645,
  "total_cost": 0.09077929999999988,
  "runs": 2841,
  "last_run": "2026-01-29T07:08:36.495182"
}