{
  "total_tldrs": 156,
  "total_tokens": 462012,
  "total_cost": 0.06015389999999996,
  "runs": 1873,
  "last_run": "2026-01-19T14:55:22.366179"
}