{
  "total_tldrs": 211,
  "total_tokens": 695645,
  "total_cost": 0.09077929999999988,
  "runs": 2842,
  "last_run": "2026-01-29T07:29:01.698407"
}