{
  "total_tldrs": 305,
  "total_tokens": 948166,
  "total_cost": 0.12268989999999987,
  "runs": 4426,
  "last_run": "2026-02-20T15:00:44.118568"
}