{
  "total_tldrs": 110,
  "total_tokens": 283649,
  "total_cost": 0.03699169999999998,
  "runs": 922,
  "last_run": "2026-01-11T03:52:13.924404"
}