{
  "total_tldrs": 117,
  "total_tokens": 312346,
  "total_cost": 0.04062969999999997,
  "runs": 1067,
  "last_run": "2026-01-12T09:32:39.559763"
}