{
  "total_tldrs": 121,
  "total_tokens": 344166,
  "total_cost": 0.04477529999999997,
  "runs": 1197,
  "last_run": "2026-01-13T14:26:26.320081"
}