{
  "total_tldrs": 137,
  "total_tokens": 389672,
  "total_cost": 0.05062729999999996,
  "runs": 1466,
  "last_run": "2026-01-16T02:39:21.179020"
}