{
  "total_tldrs": 250,
  "total_tokens": 795874,
  "total_cost": 0.10386099999999987,
  "runs": 3521,
  "last_run": "2026-02-07T10:08:58.304489"
}