{
  "total_tldrs": 198,
  "total_tokens": 633942,
  "total_cost": 0.08264699999999987,
  "runs": 2688,
  "last_run": "2026-01-27T14:51:18.555899"
}