{
  "total_tldrs": 106,
  "total_tokens": 272059,
  "total_cost": 0.03545319999999999,
  "runs": 841,
  "last_run": "2026-01-10T12:12:45.274867"
}