{
  "total_tldrs": 156,
  "total_tokens": 459496,
  "total_cost": 0.05981739999999996,
  "runs": 1858,
  "last_run": "2026-01-19T11:09:20.445755"
}