{
  "total_tldrs": 119,
  "total_tokens": 334867,
  "total_cost": 0.04356429999999997,
  "runs": 1155,
  "last_run": "2026-01-13T05:28:26.800845"
}