{
  "total_tldrs": 171,
  "total_tokens": 512950,
  "total_cost": 0.06684789999999992,
  "runs": 2082,
  "last_run": "2026-01-21T20:11:09.969204"
}