{
  "total_tldrs": 232,
  "total_tokens": 756977,
  "total_cost": 0.09882019999999987,
  "runs": 3228,
  "last_run": "2026-02-03T05:37:19.972849"
}