{
  "total_tldrs": 110,
  "total_tokens": 283649,
  "total_cost": 0.03699169999999998,
  "runs": 923,
  "last_run": "2026-01-11T04:18:22.776101"
}