{
  "total_tldrs": 262,
  "total_tokens": 823048,
  "total_cost": 0.10721799999999986,
  "runs": 3662,
  "last_run": "2026-02-08T22:29:35.706772"
}