{
  "total_tldrs": 126,
  "total_tokens": 358497,
  "total_cost": 0.046667399999999956,
  "runs": 1309,
  "last_run": "2026-01-14T15:59:11.575995"
}