{
  "total_tldrs": 222,
  "total_tokens": 737141,
  "total_cost": 0.09628849999999987,
  "runs": 3022,
  "last_run": "2026-01-31T12:56:23.292929"
}