{
  "total_tldrs": 250,
  "total_tokens": 794232,
  "total_cost": 0.10368269999999986,
  "runs": 3499,
  "last_run": "2026-02-07T03:53:49.854680"
}