{
  "total_tldrs": 134,
  "total_tokens": 382002,
  "total_cost": 0.04962389999999996,
  "runs": 1445,
  "last_run": "2026-01-15T21:20:31.875818"
}