{
  "total_tldrs": 176,
  "total_tokens": 529811,
  "total_cost": 0.06906139999999991,
  "runs": 2128,
  "last_run": "2026-01-22T09:33:21.512615"
}