{
  "total_tldrs": 283,
  "total_tokens": 896609,
  "total_cost": 0.11620069999999984,
  "runs": 3940,
  "last_run": "2026-02-13T19:07:18.541708"
}