{
  "total_tldrs": 212,
  "total_tokens": 699768,
  "total_cost": 0.09135359999999988,
  "runs": 2884,
  "last_run": "2026-01-29T20:00:23.331416"
}