{
  "total_tldrs": 195,
  "total_tokens": 608226,
  "total_cost": 0.07929119999999988,
  "runs": 2547,
  "last_run": "2026-01-26T02:08:02.806427"
}