{
  "total_tldrs": 267,
  "total_tokens": 833068,
  "total_cost": 0.10854729999999986,
  "runs": 3710,
  "last_run": "2026-02-09T20:10:13.979742"
}