{
  "total_tldrs": 195,
  "total_tokens": 606715,
  "total_cost": 0.07909449999999987,
  "runs": 2538,
  "last_run": "2026-01-25T23:10:18.743444"
}