{
  "total_tldrs": 300,
  "total_tokens": 936470,
  "total_cost": 0.12120469999999987,
  "runs": 4354,
  "last_run": "2026-02-19T12:47:04.286176"
}