{
  "total_tldrs": 186,
  "total_tokens": 568540,
  "total_cost": 0.07406799999999991,
  "runs": 2298,
  "last_run": "2026-01-24T00:00:21.311744"
}