{
  "total_tldrs": 109,
  "total_tokens": 279140,
  "total_cost": 0.03644629999999999,
  "runs": 912,
  "last_run": "2026-01-10T23:50:37.387247"
}