{
  "total_tldrs": 122,
  "total_tokens": 346007,
  "total_cost": 0.04502119999999997,
  "runs": 1209,
  "last_run": "2026-01-13T17:14:02.930193"
}