{
  "total_tldrs": 214,
  "total_tokens": 718449,
  "total_cost": 0.09380699999999988,
  "runs": 2942,
  "last_run": "2026-01-30T14:58:51.635255"
}