{
  "total_tldrs": 92,
  "total_tokens": 233892,
  "total_cost": 0.030440099999999998,
  "runs": 597,
  "last_run": "2026-01-08T08:59:27.477471"
}