{
  "total_tldrs": 167,
  "total_tokens": 505833,
  "total_cost": 0.06592469999999993,
  "runs": 2066,
  "last_run": "2026-01-21T15:32:15.364241"
}