{
  "total_tldrs": 97,
  "total_tokens": 250687,
  "total_cost": 0.03261249999999999,
  "runs": 665,
  "last_run": "2026-01-08T22:26:00.966065"
}