{
  "total_tldrs": 288,
  "total_tokens": 908998,
  "total_cost": 0.11770929999999984,
  "runs": 4076,
  "last_run": "2026-02-15T11:03:12.227964"
}