{
  "total_tldrs": 191,
  "total_tokens": 583941,
  "total_cost": 0.0760589999999999,
  "runs": 2379,
  "last_run": "2026-01-24T17:00:29.134064"
}