{
  "total_tldrs": 89,
  "total_tokens": 224189,
  "total_cost": 0.029159899999999996,
  "runs": 567,
  "last_run": "2026-01-08T00:20:34.375837"
}