{
  "total_tldrs": 302,
  "total_tokens": 939484,
  "total_cost": 0.12161679999999987,
  "runs": 4374,
  "last_run": "2026-02-19T20:16:08.895798"
}