{
  "total_tldrs": 107,
  "total_tokens": 274090,
  "total_cost": 0.03576309999999999,
  "runs": 877,
  "last_run": "2026-01-10T18:36:00.724172"
}