{
  "total_tldrs": 104,
  "total_tokens": 262692,
  "total_cost": 0.034206899999999985,
  "runs": 703,
  "last_run": "2026-01-09T08:48:59.041810"
}