{
  "total_tldrs": 267,
  "total_tokens": 839369,
  "total_cost": 0.10923199999999984,
  "runs": 3748,
  "last_run": "2026-02-10T13:28:22.853214"
}