{
  "total_tldrs": 186,
  "total_tokens": 573935,
  "total_cost": 0.0747292999999999,
  "runs": 2321,
  "last_run": "2026-01-24T07:07:49.745180"
}