{
  "total_tldrs": 113,
  "total_tokens": 298423,
  "total_cost": 0.038872599999999966,
  "runs": 1040,
  "last_run": "2026-01-12T00:30:34.088760"
}