{
  "total_tldrs": 289,
  "total_tokens": 910051,
  "total_cost": 0.11785209999999983,
  "runs": 4113,
  "last_run": "2026-02-15T19:38:44.430003"
}