{
  "total_tldrs": 110,
  "total_tokens": 289211,
  "total_cost": 0.03766039999999998,
  "runs": 1010,
  "last_run": "2026-01-11T19:36:38.046527"
}