{
  "total_tldrs": 117,
  "total_tokens": 312346,
  "total_cost": 0.04062969999999997,
  "runs": 1071,
  "last_run": "2026-01-12T10:25:19.099780"
}