{
  "total_tldrs": 124,
  "total_tokens": 354366,
  "total_cost": 0.04608899999999996,
  "runs": 1255,
  "last_run": "2026-01-14T04:25:00.658456"
}