{
  "total_tldrs": 244,
  "total_tokens": 780925,
  "total_cost": 0.10195119999999988,
  "runs": 3427,
  "last_run": "2026-02-06T02:02:51.664998"
}