{
  "total_tldrs": 112,
  "total_tokens": 293016,
  "total_cost": 0.03819179999999997,
  "runs": 1026,
  "last_run": "2026-01-11T21:56:45.188628"
}