{
  "total_tldrs": 270,
  "total_tokens": 842296,
  "total_cost": 0.10964919999999984,
  "runs": 3775,
  "last_run": "2026-02-11T00:24:12.582915"
}