{
  "total_tldrs": 195,
  "total_tokens": 613859,
  "total_cost": 0.07999639999999988,
  "runs": 2583,
  "last_run": "2026-01-26T11:53:54.122078"
}