{
  "total_tldrs": 178,
  "total_tokens": 541366,
  "total_cost": 0.07056129999999991,
  "runs": 2179,
  "last_run": "2026-01-22T21:26:41.004824"
}