{
  "total_tldrs": 92,
  "total_tokens": 233001,
  "total_cost": 0.030340199999999998,
  "runs": 591,
  "last_run": "2026-01-08T07:48:04.337559"
}