{
  "total_tldrs": 120,
  "total_tokens": 339594,
  "total_cost": 0.044182799999999973,
  "runs": 1189,
  "last_run": "2026-01-13T12:09:10.982537"
}