{
  "total_tldrs": 171,
  "total_tokens": 515565,
  "total_cost": 0.06719639999999992,
  "runs": 2100,
  "last_run": "2026-01-21T23:58:01.483419"
}