{
  "total_tldrs": 118,
  "total_tokens": 332880,
  "total_cost": 0.04330049999999997,
  "runs": 1145,
  "last_run": "2026-01-13T01:03:15.089398"
}