{
  "total_tldrs": 255,
  "total_tokens": 807393,
  "total_cost": 0.10533449999999986,
  "runs": 3581,
  "last_run": "2026-02-07T23:18:20.316512"
}