{
  "total_tldrs": 186,
  "total_tokens": 570575,
  "total_cost": 0.07434559999999991,
  "runs": 2299,
  "last_run": "2026-01-24T00:40:33.714918"
}