{
  "total_tldrs": 279,
  "total_tokens": 886311,
  "total_cost": 0.11491139999999984,
  "runs": 3896,
  "last_run": "2026-02-13T01:42:34.798282"
}