{
  "total_tldrs": 186,
  "total_tokens": 573935,
  "total_cost": 0.0747292999999999,
  "runs": 2316,
  "last_run": "2026-01-24T05:59:47.581654"
}