{
  "total_tldrs": 90,
  "total_tokens": 231040,
  "total_cost": 0.030069099999999998,
  "runs": 576,
  "last_run": "2026-01-08T04:29:11.764942"
}