{
  "total_tldrs": 156,
  "total_tokens": 462012,
  "total_cost": 0.06015389999999996,
  "runs": 1880,
  "last_run": "2026-01-19T16:13:33.703854"
}