{
  "total_tldrs": 229,
  "total_tokens": 748696,
  "total_cost": 0.09780549999999986,
  "runs": 3114,
  "last_run": "2026-02-01T12:35:04.978930"
}