{
  "total_tldrs": 145,
  "total_tokens": 420135,
  "total_cost": 0.054587699999999954,
  "runs": 1596,
  "last_run": "2026-01-17T07:08:28.493565"
}