{
  "total_tldrs": 108,
  "total_tokens": 276215,
  "total_cost": 0.03604729999999999,
  "runs": 881,
  "last_run": "2026-01-10T19:16:07.400465"
}