{
  "total_tldrs": 118,
  "total_tokens": 330672,
  "total_cost": 0.04305119999999997,
  "runs": 1141,
  "last_run": "2026-01-12T23:47:39.930964"
}