{
  "total_tldrs": 159,
  "total_tokens": 481670,
  "total_cost": 0.06275659999999995,
  "runs": 1984,
  "last_run": "2026-01-20T17:32:30.044570"
}