{
  "total_tldrs": 154,
  "total_tokens": 448986,
  "total_cost": 0.05842889999999996,
  "runs": 1747,
  "last_run": "2026-01-18T11:02:54.299901"
}