{
  "total_tldrs": 89,
  "total_tokens": 225297,
  "total_cost": 0.029307599999999996,
  "runs": 569,
  "last_run": "2026-01-08T01:14:57.425806"
}