{
  "total_tldrs": 195,
  "total_tokens": 612608,
  "total_cost": 0.07982719999999989,
  "runs": 2556,
  "last_run": "2026-01-26T06:01:18.396313"
}