{
  "total_tldrs": 272,
  "total_tokens": 852031,
  "total_cost": 0.11079609999999984,
  "runs": 3786,
  "last_run": "2026-02-11T07:36:40.909258"
}