{
  "total_tldrs": 178,
  "total_tokens": 536536,
  "total_cost": 0.06992679999999991,
  "runs": 2158,
  "last_run": "2026-01-22T17:03:28.996772"
}