{
  "total_tldrs": 127,
  "total_tokens": 360230,
  "total_cost": 0.04688869999999996,
  "runs": 1331,
  "last_run": "2026-01-14T20:29:35.365161"
}