{
  "total_tldrs": 195,
  "total_tokens": 617858,
  "total_cost": 0.08050759999999987,
  "runs": 2591,
  "last_run": "2026-01-26T14:15:58.808708"
}