{
  "total_tldrs": 118,
  "total_tokens": 323835,
  "total_cost": 0.042157499999999966,
  "runs": 1100,
  "last_run": "2026-01-12T16:48:16.296881"
}