{
  "total_tldrs": 171,
  "total_tokens": 512950,
  "total_cost": 0.06684789999999992,
  "runs": 2086,
  "last_run": "2026-01-21T21:05:16.519511"
}