{
  "total_tldrs": 196,
  "total_tokens": 625934,
  "total_cost": 0.08160199999999988,
  "runs": 2631,
  "last_run": "2026-01-26T22:48:02.775050"
}