{
  "total_tldrs": 253,
  "total_tokens": 803240,
  "total_cost": 0.10482649999999986,
  "runs": 3564,
  "last_run": "2026-02-07T19:50:24.602666"
}