{
  "total_tldrs": 132,
  "total_tokens": 374393,
  "total_cost": 0.04868929999999995,
  "runs": 1402,
  "last_run": "2026-01-15T12:09:10.435988"
}