{
  "total_tldrs": 257,
  "total_tokens": 813652,
  "total_cost": 0.10607709999999985,
  "runs": 3594,
  "last_run": "2026-02-08T06:51:17.359653"
}