{
  "total_tldrs": 211,
  "total_tokens": 697785,
  "total_cost": 0.09107249999999988,
  "runs": 2880,
  "last_run": "2026-01-29T19:08:43.350726"
}