{
  "total_tldrs": 218,
  "total_tokens": 729774,
  "total_cost": 0.09533789999999988,
  "runs": 2973,
  "last_run": "2026-01-30T22:48:51.683878"
}