{
  "total_tldrs": 145,
  "total_tokens": 420632,
  "total_cost": 0.054652099999999953,
  "runs": 1601,
  "last_run": "2026-01-17T07:52:57.642018"
}