{
  "total_tldrs": 294,
  "total_tokens": 919909,
  "total_cost": 0.11909769999999986,
  "runs": 4237,
  "last_run": "2026-02-17T15:17:17.327398"
}