{
  "total_tldrs": 200,
  "total_tokens": 640303,
  "total_cost": 0.08353089999999985,
  "runs": 2705,
  "last_run": "2026-01-27T18:49:24.331433"
}