{
  "total_tldrs": 250,
  "total_tokens": 795874,
  "total_cost": 0.10386099999999987,
  "runs": 3516,
  "last_run": "2026-02-07T09:05:17.560971"
}