{
  "total_tldrs": 156,
  "total_tokens": 459496,
  "total_cost": 0.05981739999999996,
  "runs": 1853,
  "last_run": "2026-01-19T10:01:28.884790"
}