{
  "total_tldrs": 142,
  "total_tokens": 412209,
  "total_cost": 0.05357249999999996,
  "runs": 1560,
  "last_run": "2026-01-16T21:56:39.268956"
}