{
  "total_tldrs": 109,
  "total_tokens": 282080,
  "total_cost": 0.03677809999999999,
  "runs": 920,
  "last_run": "2026-01-11T02:22:36.503107"
}