{
  "total_tldrs": 115,
  "total_tokens": 308523,
  "total_cost": 0.040154999999999975,
  "runs": 1047,
  "last_run": "2026-01-12T04:40:09.127454"
}