{
  "total_tldrs": 146,
  "total_tokens": 421532,
  "total_cost": 0.054773299999999955,
  "runs": 1604,
  "last_run": "2026-01-17T08:25:05.491492"
}