{
  "total_tldrs": 117,
  "total_tokens": 317501,
  "total_cost": 0.04131349999999997,
  "runs": 1090,
  "last_run": "2026-01-12T14:43:47.580905"
}