{
  "total_tldrs": 239,
  "total_tokens": 772282,
  "total_cost": 0.10082709999999988,
  "runs": 3362,
  "last_run": "2026-02-05T04:42:31.543986"
}