{
  "total_tldrs": 248,
  "total_tokens": 789372,
  "total_cost": 0.10304819999999987,
  "runs": 3461,
  "last_run": "2026-02-06T15:23:43.487499"
}