{
  "total_tldrs": 186,
  "total_tokens": 572176,
  "total_cost": 0.0745368999999999,
  "runs": 2301,
  "last_run": "2026-01-24T01:49:22.633701"
}