{
  "total_tldrs": 250,
  "total_tokens": 795874,
  "total_cost": 0.10386099999999987,
  "runs": 3506,
  "last_run": "2026-02-07T06:35:59.393036"
}