{
  "total_tldrs": 205,
  "total_tokens": 660365,
  "total_cost": 0.08610049999999984,
  "runs": 2739,
  "last_run": "2026-01-28T02:52:01.552234"
}