{
  "total_tldrs": 275,
  "total_tokens": 867922,
  "total_cost": 0.11266419999999987,
  "runs": 3813,
  "last_run": "2026-02-11T18:37:37.782356"
}