{
  "total_tldrs": 213,
  "total_tokens": 707564,
  "total_cost": 0.09235279999999987,
  "runs": 2916,
  "last_run": "2026-01-30T07:28:40.502475"
}