{
  "total_tldrs": 197,
  "total_tokens": 629260,
  "total_cost": 0.08206269999999988,
  "runs": 2639,
  "last_run": "2026-01-27T00:31:45.390701"
}