{
  "total_tldrs": 152,
  "total_tokens": 437577,
  "total_cost": 0.05690789999999996,
  "runs": 1688,
  "last_run": "2026-01-17T21:53:05.835951"
}