{
  "total_tldrs": 247,
  "total_tokens": 786548,
  "total_cost": 0.10265839999999987,
  "runs": 3456,
  "last_run": "2026-02-06T13:41:16.516936"
}