{
  "total_tldrs": 192,
  "total_tokens": 595650,
  "total_cost": 0.07756859999999989,
  "runs": 2435,
  "last_run": "2026-01-25T05:31:17.739480"
}