{
  "total_tldrs": 194,
  "total_tokens": 599440,
  "total_cost": 0.07809849999999989,
  "runs": 2496,
  "last_run": "2026-01-25T16:23:43.196773"
}