{
  "total_tldrs": 97,
  "total_tokens": 249622,
  "total_cost": 0.03249909999999999,
  "runs": 650,
  "last_run": "2026-01-08T19:58:36.796700"
}