{
  "total_tldrs": 94,
  "total_tokens": 238912,
  "total_cost": 0.031084299999999995,
  "runs": 623,
  "last_run": "2026-01-08T14:41:38.926616"
}