{
  "total_tldrs": 275,
  "total_tokens": 874784,
  "total_cost": 0.11342239999999985,
  "runs": 3856,
  "last_run": "2026-02-12T11:49:18.767361"
}