{
  "total_tldrs": 144,
  "total_tokens": 419394,
  "total_cost": 0.054485399999999955,
  "runs": 1588,
  "last_run": "2026-01-17T05:41:59.646863"
}