{
  "total_tldrs": 114,
  "total_tokens": 307211,
  "total_cost": 0.03999289999999998,
  "runs": 1046,
  "last_run": "2026-01-12T04:18:40.535146"
}