{
  "total_tldrs": 118,
  "total_tokens": 327803,
  "total_cost": 0.04267939999999997,
  "runs": 1114,
  "last_run": "2026-01-12T19:33:41.665741"
}