{
  "total_tldrs": 171,
  "total_tokens": 512950,
  "total_cost": 0.06684789999999992,
  "runs": 2083,
  "last_run": "2026-01-21T20:23:19.608405"
}