{
  "total_tldrs": 205,
  "total_tokens": 667966,
  "total_cost": 0.08707959999999985,
  "runs": 2780,
  "last_run": "2026-01-28T13:27:09.301183"
}