{
  "total_tldrs": 197,
  "total_tokens": 632924,
  "total_cost": 0.08250619999999988,
  "runs": 2665,
  "last_run": "2026-01-27T09:01:51.471023"
}