{
  "total_tldrs": 195,
  "total_tokens": 612608,
  "total_cost": 0.07982719999999989,
  "runs": 2563,
  "last_run": "2026-01-26T07:46:08.526147"
}