{
  "total_tldrs": 181,
  "total_tokens": 555656,
  "total_cost": 0.07233619999999992,
  "runs": 2235,
  "last_run": "2026-01-23T11:30:02.507210"
}