{
  "total_tldrs": 186,
  "total_tokens": 571711,
  "total_cost": 0.07447239999999991,
  "runs": 2300,
  "last_run": "2026-01-24T01:08:24.312937"
}