{
  "total_tldrs": 230,
  "total_tokens": 752516,
  "total_cost": 0.09826129999999987,
  "runs": 3191,
  "last_run": "2026-02-02T10:51:42.995101"
}