{
  "total_tldrs": 134,
  "total_tokens": 384156,
  "total_cost": 0.04991639999999996,
  "runs": 1463,
  "last_run": "2026-01-16T00:45:50.711595"
}