{
  "total_tldrs": 308,
  "total_tokens": 963310,
  "total_cost": 0.12449259999999986,
  "runs": 4489,
  "last_run": "2026-02-21T10:03:34.733310"
}