{
  "total_tldrs": 164,
  "total_tokens": 502041,
  "total_cost": 0.06542819999999994,
  "runs": 2058,
  "last_run": "2026-01-21T13:24:54.980031"
}