{
  "total_tldrs": 298,
  "total_tokens": 930691,
  "total_cost": 0.12053319999999987,
  "runs": 4309,
  "last_run": "2026-02-18T19:35:12.487107"
}