{
  "total_tldrs": 168,
  "total_tokens": 508449,
  "total_cost": 0.06627329999999992,
  "runs": 2069,
  "last_run": "2026-01-21T16:17:44.896532"
}