{
  "total_tldrs": 102,
  "total_tokens": 260022,
  "total_cost": 0.03386909999999999,
  "runs": 696,
  "last_run": "2026-01-09T07:27:36.840780"
}