{
  "total_tldrs": 147,
  "total_tokens": 423893,
  "total_cost": 0.055094899999999954,
  "runs": 1619,
  "last_run": "2026-01-17T10:51:52.483029"
}