{
  "total_tldrs": 154,
  "total_tokens": 451059,
  "total_cost": 0.058673699999999954,
  "runs": 1772,
  "last_run": "2026-01-18T15:27:39.533096"
}