{
  "total_tldrs": 283,
  "total_tokens": 897645,
  "total_cost": 0.11631269999999984,
  "runs": 3951,
  "last_run": "2026-02-13T22:11:37.447376"
}