{
  "total_tldrs": 184,
  "total_tokens": 562892,
  "total_cost": 0.07329319999999992,
  "runs": 2269,
  "last_run": "2026-01-23T19:13:39.044305"
}