{
  "total_tldrs": 110,
  "total_tokens": 286638,
  "total_cost": 0.03732479999999998,
  "runs": 946,
  "last_run": "2026-01-11T08:53:26.441195"
}