{
  "total_tldrs": 180,
  "total_tokens": 554397,
  "total_cost": 0.07216439999999992,
  "runs": 2213,
  "last_run": "2026-01-23T07:04:00.468215"
}