{
  "total_tldrs": 305,
  "total_tokens": 948166,
  "total_cost": 0.12268989999999987,
  "runs": 4435,
  "last_run": "2026-02-20T17:40:20.883811"
}