{
  "total_tldrs": 95,
  "total_tokens": 241091,
  "total_cost": 0.0313937,
  "runs": 626,
  "last_run": "2026-01-08T15:13:32.071165"
}