{
  "total_tldrs": 155,
  "total_tokens": 455859,
  "total_cost": 0.05932559999999996,
  "runs": 1833,
  "last_run": "2026-01-19T05:09:18.319475"
}