{
  "total_tldrs": 152,
  "total_tokens": 432047,
  "total_cost": 0.05617999999999996,
  "runs": 1665,
  "last_run": "2026-01-17T18:26:54.315687"
}