{
  "total_tldrs": 140,
  "total_tokens": 403773,
  "total_cost": 0.05244509999999996,
  "runs": 1529,
  "last_run": "2026-01-16T16:26:35.445693"
}