{
  "total_tldrs": 206,
  "total_tokens": 673932,
  "total_cost": 0.08789789999999986,
  "runs": 2800,
  "last_run": "2026-01-28T17:55:12.268835"
}