{
  "total_tldrs": 211,
  "total_tokens": 697456,
  "total_cost": 0.09102339999999988,
  "runs": 2864,
  "last_run": "2026-01-29T14:25:27.077181"
}