{
  "total_tldrs": 162,
  "total_tokens": 497267,
  "total_cost": 0.06478969999999994,
  "runs": 2029,
  "last_run": "2026-01-21T06:28:29.711678"
}