{
  "total_tldrs": 266,
  "total_tokens": 831757,
  "total_cost": 0.10836639999999986,
  "runs": 3702,
  "last_run": "2026-02-09T16:13:24.578969"
}