{
  "total_tldrs": 116,
  "total_tokens": 310515,
  "total_cost": 0.040391699999999975,
  "runs": 1049,
  "last_run": "2026-01-12T05:17:22.147616"
}