{
  "total_tldrs": 109,
  "total_tokens": 277030,
  "total_cost": 0.03615639999999999,
  "runs": 899,
  "last_run": "2026-01-10T21:50:50.931065"
}