{
  "total_tldrs": 187,
  "total_tokens": 576820,
  "total_cost": 0.0751257999999999,
  "runs": 2358,
  "last_run": "2026-01-24T13:40:57.532393"
}