{
  "total_tldrs": 147,
  "total_tokens": 423893,
  "total_cost": 0.055094899999999954,
  "runs": 1623,
  "last_run": "2026-01-17T11:28:08.352708"
}