{
  "total_tldrs": 139,
  "total_tokens": 398886,
  "total_cost": 0.05179139999999996,
  "runs": 1495,
  "last_run": "2026-01-16T09:37:29.353778"
}