{
  "total_tldrs": 293,
  "total_tokens": 917447,
  "total_cost": 0.11877559999999986,
  "runs": 4230,
  "last_run": "2026-02-17T12:25:27.056046"
}