{
  "total_tldrs": 97,
  "total_tokens": 250687,
  "total_cost": 0.03261249999999999,
  "runs": 659,
  "last_run": "2026-01-08T21:29:08.573363"
}