{
  "total_tldrs": 155,
  "total_tokens": 455859,
  "total_cost": 0.05932559999999996,
  "runs": 1832,
  "last_run": "2026-01-19T04:54:56.776438"
}