{
  "total_tldrs": 154,
  "total_tokens": 448552,
  "total_cost": 0.05836989999999996,
  "runs": 1743,
  "last_run": "2026-01-18T10:29:25.992213"
}