{
  "total_tldrs": 125,
  "total_tokens": 356477,
  "total_cost": 0.04637749999999996,
  "runs": 1292,
  "last_run": "2026-01-14T11:59:01.278933"
}