{
  "total_tldrs": 152,
  "total_tokens": 439483,
  "total_cost": 0.05717109999999996,
  "runs": 1708,
  "last_run": "2026-01-18T03:56:02.301329"
}