{
  "total_tldrs": 96,
  "total_tokens": 248276,
  "total_cost": 0.03231649999999999,
  "runs": 637,
  "last_run": "2026-01-08T17:42:13.423940"
}