{
  "total_tldrs": 101,
  "total_tokens": 258851,
  "total_cost": 0.03372379999999999,
  "runs": 695,
  "last_run": "2026-01-09T07:14:01.241364"
}