{
  "total_tldrs": 163,
  "total_tokens": 500762,
  "total_cost": 0.06525919999999993,
  "runs": 2056,
  "last_run": "2026-01-21T12:36:28.972704"
}