{
  "total_tldrs": 275,
  "total_tokens": 874784,
  "total_cost": 0.11342239999999985,
  "runs": 3841,
  "last_run": "2026-02-12T06:13:16.951034"
}