{
  "total_tldrs": 229,
  "total_tokens": 748696,
  "total_cost": 0.09780549999999986,
  "runs": 3143,
  "last_run": "2026-02-01T19:18:04.845357"
}