{
  "total_tldrs": 253,
  "total_tokens": 801036,
  "total_cost": 0.10458329999999987,
  "runs": 3557,
  "last_run": "2026-02-07T18:15:39.571839"
}