{
  "total_tldrs": 297,
  "total_tokens": 929048,
  "total_cost": 0.12027589999999987,
  "runs": 4280,
  "last_run": "2026-02-18T08:24:25.358831"
}