{
  "total_tldrs": 311,
  "total_tokens": 967864,
  "total_cost": 0.12507279999999985,
  "runs": 4533,
  "last_run": "2026-02-21T19:41:55.173270"
}