{
  "total_tldrs": 292,
  "total_tokens": 915077,
  "total_cost": 0.11850799999999985,
  "runs": 4189,
  "last_run": "2026-02-16T20:54:49.302141"
}