{
  "total_tldrs": 218,
  "total_tokens": 729248,
  "total_cost": 0.09527029999999988,
  "runs": 2970,
  "last_run": "2026-01-30T22:07:27.618068"
}