{
  "total_tldrs": 104,
  "total_tokens": 265039,
  "total_cost": 0.03452559999999999,
  "runs": 725,
  "last_run": "2026-01-09T13:20:23.352249"
}