{
  "total_tldrs": 127,
  "total_tokens": 361142,
  "total_cost": 0.047014399999999956,
  "runs": 1351,
  "last_run": "2026-01-14T23:47:38.180430"
}