{
  "total_tldrs": 239,
  "total_tokens": 772282,
  "total_cost": 0.10082709999999988,
  "runs": 3352,
  "last_run": "2026-02-04T23:13:58.598767"
}