{
  "total_tldrs": 208,
  "total_tokens": 685035,
  "total_cost": 0.08939729999999987,
  "runs": 2820,
  "last_run": "2026-01-28T22:23:00.853708"
}