{
  "total_tldrs": 104,
  "total_tokens": 262692,
  "total_cost": 0.034206899999999985,
  "runs": 713,
  "last_run": "2026-01-09T10:49:48.782306"
}