{
  "total_tldrs": 242,
  "total_tokens": 778788,
  "total_cost": 0.10165859999999988,
  "runs": 3404,
  "last_run": "2026-02-05T19:32:00.670258"
}