{
  "total_tldrs": 159,
  "total_tokens": 478371,
  "total_cost": 0.06230699999999996,
  "runs": 1968,
  "last_run": "2026-01-20T13:25:23.854706"
}