{
  "total_tldrs": 284,
  "total_tokens": 899499,
  "total_cost": 0.11652629999999983,
  "runs": 3963,
  "last_run": "2026-02-14T03:27:55.624388"
}