{
  "total_tldrs": 159,
  "total_tokens": 478371,
  "total_cost": 0.06230699999999996,
  "runs": 1970,
  "last_run": "2026-01-20T14:01:37.382350"
}