{
  "total_tldrs": 304,
  "total_tokens": 943135,
  "total_cost": 0.12206649999999987,
  "runs": 4423,
  "last_run": "2026-02-20T13:59:19.057964"
}