{
  "total_tldrs": 311,
  "total_tokens": 969610,
  "total_cost": 0.12526629999999986,
  "runs": 4596,
  "last_run": "2026-02-22T13:23:07.608697"
}