{
  "total_tldrs": 106,
  "total_tokens": 272059,
  "total_cost": 0.03545319999999999,
  "runs": 818,
  "last_run": "2026-01-10T08:44:37.894314"
}