{
  "total_tldrs": 300,
  "total_tokens": 933673,
  "total_cost": 0.12090609999999988,
  "runs": 4317,
  "last_run": "2026-02-18T21:51:47.375367"
}