{
  "total_tldrs": 98,
  "total_tokens": 251781,
  "total_cost": 0.03275519999999999,
  "runs": 678,
  "last_run": "2026-01-09T01:24:52.031192"
}