{
  "total_tldrs": 236,
  "total_tokens": 765826,
  "total_cost": 0.09996279999999988,
  "runs": 3308,
  "last_run": "2026-02-04T10:03:00.461297"
}