{
  "total_tldrs": 152,
  "total_tokens": 437577,
  "total_cost": 0.05690789999999996,
  "runs": 1690,
  "last_run": "2026-01-17T22:09:04.580627"
}