{
  "total_tldrs": 311,
  "total_tokens": 967864,
  "total_cost": 0.12507279999999985,
  "runs": 4542,
  "last_run": "2026-02-21T21:20:33.237295"
}