{
  "total_tldrs": 262,
  "total_tokens": 824772,
  "total_cost": 0.10740179999999985,
  "runs": 3677,
  "last_run": "2026-02-09T05:48:08.084147"
}