{
  "total_tldrs": 202,
  "total_tokens": 647776,
  "total_cost": 0.08451249999999984,
  "runs": 2720,
  "last_run": "2026-01-27T21:38:41.452559"
}