{
  "total_tldrs": 109,
  "total_tokens": 277030,
  "total_cost": 0.03615639999999999,
  "runs": 898,
  "last_run": "2026-01-10T21:44:40.320933"
}