{
  "total_tldrs": 275,
  "total_tokens": 871543,
  "total_cost": 0.11306259999999986,
  "runs": 3823,
  "last_run": "2026-02-11T21:51:17.115139"
}