{
  "total_tldrs": 105,
  "total_tokens": 266430,
  "total_cost": 0.03472049999999999,
  "runs": 741,
  "last_run": "2026-01-09T16:33:13.671738"
}