{
  "total_tldrs": 104,
  "total_tokens": 262692,
  "total_cost": 0.034206899999999985,
  "runs": 709,
  "last_run": "2026-01-09T10:00:34.934823"
}