{
  "total_tldrs": 194,
  "total_tokens": 600436,
  "total_cost": 0.07823589999999989,
  "runs": 2501,
  "last_run": "2026-01-25T17:18:14.641002"
}