{
  "total_tldrs": 175,
  "total_tokens": 524117,
  "total_cost": 0.06830509999999992,
  "runs": 2108,
  "last_run": "2026-01-22T04:41:20.264724"
}