{
  "total_tldrs": 145,
  "total_tokens": 420632,
  "total_cost": 0.054652099999999953,
  "runs": 1597,
  "last_run": "2026-01-17T07:19:35.061525"
}