{
  "total_tldrs": 152,
  "total_tokens": 437577,
  "total_cost": 0.05690789999999996,
  "runs": 1691,
  "last_run": "2026-01-17T22:21:01.742635"
}