{
  "total_tldrs": 152,
  "total_tokens": 436124,
  "total_cost": 0.05671549999999996,
  "runs": 1686,
  "last_run": "2026-01-17T21:39:35.072903"
}