{
  "total_tldrs": 298,
  "total_tokens": 930691,
  "total_cost": 0.12053319999999987,
  "runs": 4304,
  "last_run": "2026-02-18T17:43:02.133968"
}