{
  "total_tldrs": 180,
  "total_tokens": 554735,
  "total_cost": 0.07221439999999991,
  "runs": 2234,
  "last_run": "2026-01-23T11:16:43.845444"
}