{
  "total_tldrs": 197,
  "total_tokens": 628170,
  "total_cost": 0.08190989999999988,
  "runs": 2634,
  "last_run": "2026-01-26T23:18:05.117890"
}