{
  "total_tldrs": 128,
  "total_tokens": 362525,
  "total_cost": 0.04719499999999996,
  "runs": 1356,
  "last_run": "2026-01-15T01:45:29.719152"
}