{
  "total_tldrs": 291,
  "total_tokens": 913387,
  "total_cost": 0.11825829999999984,
  "runs": 4145,
  "last_run": "2026-02-16T05:57:06.664157"
}