{
  "total_tldrs": 113,
  "total_tokens": 295998,
  "total_cost": 0.03853919999999997,
  "runs": 1034,
  "last_run": "2026-01-11T23:13:15.163966"
}