{
  "total_tldrs": 286,
  "total_tokens": 903620,
  "total_cost": 0.11700979999999983,
  "runs": 4016,
  "last_run": "2026-02-14T17:22:09.513027"
}