{
  "total_tldrs": 200,
  "total_tokens": 639435,
  "total_cost": 0.08341379999999986,
  "runs": 2700,
  "last_run": "2026-01-27T17:33:11.684344"
}