{
  "total_tldrs": 229,
  "total_tokens": 748696,
  "total_cost": 0.09780549999999986,
  "runs": 3130,
  "last_run": "2026-02-01T16:25:32.999534"
}