{
  "total_tldrs": 311,
  "total_tokens": 969610,
  "total_cost": 0.12526629999999986,
  "runs": 4562,
  "last_run": "2026-02-22T04:15:35.743980"
}