{
  "total_tldrs": 161,
  "total_tokens": 488469,
  "total_cost": 0.06364739999999995,
  "runs": 1998,
  "last_run": "2026-01-20T21:34:42.437323"
}