{
  "total_tldrs": 300,
  "total_tokens": 936470,
  "total_cost": 0.12120469999999987,
  "runs": 4356,
  "last_run": "2026-02-19T13:48:09.533028"
}