{
  "total_tldrs": 241,
  "total_tokens": 777371,
  "total_cost": 0.10147309999999987,
  "runs": 3402,
  "last_run": "2026-02-05T18:55:04.150197"
}