{
  "total_tldrs": 250,
  "total_tokens": 795874,
  "total_cost": 0.10386099999999987,
  "runs": 3533,
  "last_run": "2026-02-07T12:34:48.555186"
}