{
  "total_tldrs": 207,
  "total_tokens": 677946,
  "total_cost": 0.08844869999999987,
  "runs": 2805,
  "last_run": "2026-01-28T19:05:54.646859"
}