{
  "total_tldrs": 236,
  "total_tokens": 765826,
  "total_cost": 0.09996279999999988,
  "runs": 3301,
  "last_run": "2026-02-04T07:50:25.055712"
}