{
  "total_tldrs": 110,
  "total_tokens": 288541,
  "total_cost": 0.03757779999999998,
  "runs": 1007,
  "last_run": "2026-01-11T19:09:12.276170"
}