{
  "total_tldrs": 186,
  "total_tokens": 573935,
  "total_cost": 0.0747292999999999,
  "runs": 2304,
  "last_run": "2026-01-24T03:11:24.254093"
}