{
  "total_tldrs": 155,
  "total_tokens": 458144,
  "total_cost": 0.059638999999999956,
  "runs": 1848,
  "last_run": "2026-01-19T08:49:30.961765"
}