{
  "total_tldrs": 144,
  "total_tokens": 419394,
  "total_cost": 0.054485399999999955,
  "runs": 1591,
  "last_run": "2026-01-17T06:06:21.998180"
}