{
  "total_tldrs": 248,
  "total_tokens": 790428,
  "total_cost": 0.10316249999999987,
  "runs": 3464,
  "last_run": "2026-02-06T16:22:03.222826"
}