{
  "total_tldrs": 208,
  "total_tokens": 683508,
  "total_cost": 0.08919599999999987,
  "runs": 2818,
  "last_run": "2026-01-28T21:57:25.904768"
}