{
  "total_tldrs": 124,
  "total_tokens": 354366,
  "total_cost": 0.04608899999999996,
  "runs": 1258,
  "last_run": "2026-01-14T05:12:48.755491"
}