{
  "total_tldrs": 104,
  "total_tokens": 262078,
  "total_cost": 0.03412569999999999,
  "runs": 699,
  "last_run": "2026-01-09T07:56:07.194462"
}