{
  "total_tldrs": 126,
  "total_tokens": 359317,
  "total_cost": 0.046770399999999955,
  "runs": 1328,
  "last_run": "2026-01-14T19:54:57.999812"
}