{
  "total_tldrs": 120,
  "total_tokens": 339594,
  "total_cost": 0.044182799999999973,
  "runs": 1182,
  "last_run": "2026-01-13T10:59:31.802329"
}