{
  "total_tldrs": 245,
  "total_tokens": 783522,
  "total_cost": 0.10225079999999988,
  "runs": 3437,
  "last_run": "2026-02-06T07:36:13.130152"
}