{
  "total_tldrs": 293,
  "total_tokens": 917447,
  "total_cost": 0.11877559999999986,
  "runs": 4219,
  "last_run": "2026-02-17T08:42:57.868351"
}