{
  "total_tldrs": 143,
  "total_tokens": 412936,
  "total_cost": 0.05367309999999996,
  "runs": 1574,
  "last_run": "2026-01-17T00:38:57.290150"
}