{
  "total_tldrs": 232,
  "total_tokens": 756977,
  "total_cost": 0.09882019999999987,
  "runs": 3230,
  "last_run": "2026-02-03T06:27:18.007938"
}