{
  "total_tldrs": 96,
  "total_tokens": 243238,
  "total_cost": 0.0316606,
  "runs": 627,
  "last_run": "2026-01-08T15:27:41.157770"
}