{
  "total_tldrs": 308,
  "total_tokens": 962361,
  "total_cost": 0.12438809999999986,
  "runs": 4481,
  "last_run": "2026-02-21T08:14:48.755869"
}