{
  "total_tldrs": 285,
  "total_tokens": 901458,
  "total_cost": 0.11675069999999983,
  "runs": 3983,
  "last_run": "2026-02-14T09:56:54.600657"
}