{
  "total_tldrs": 206,
  "total_tokens": 674875,
  "total_cost": 0.08802909999999986,
  "runs": 2802,
  "last_run": "2026-01-28T18:19:12.139684"
}