{
  "total_tldrs": 195,
  "total_tokens": 612608,
  "total_cost": 0.07982719999999989,
  "runs": 2562,
  "last_run": "2026-01-26T07:34:27.713213"
}