{
  "total_tldrs": 228,
  "total_tokens": 746087,
  "total_cost": 0.09750949999999986,
  "runs": 3080,
  "last_run": "2026-02-01T00:55:49.633641"
}