{
  "total_tldrs": 296,
  "total_tokens": 924157,
  "total_cost": 0.11967939999999987,
  "runs": 4266,
  "last_run": "2026-02-18T00:23:52.865091"
}