{
  "total_tldrs": 167,
  "total_tokens": 506758,
  "total_cost": 0.06604779999999993,
  "runs": 2067,
  "last_run": "2026-01-21T15:49:01.492945"
}