{
  "total_tldrs": 193,
  "total_tokens": 598515,
  "total_cost": 0.07796759999999989,
  "runs": 2490,
  "last_run": "2026-01-25T15:28:17.366331"
}