{
  "total_tldrs": 117,
  "total_tokens": 314913,
  "total_cost": 0.040973399999999965,
  "runs": 1083,
  "last_run": "2026-01-12T12:43:43.700600"
}