{
  "total_tldrs": 161,
  "total_tokens": 485789,
  "total_cost": 0.06330469999999995,
  "runs": 1987,
  "last_run": "2026-01-20T18:14:17.660864"
}