{
  "total_tldrs": 106,
  "total_tokens": 271571,
  "total_cost": 0.03538489999999999,
  "runs": 782,
  "last_run": "2026-01-09T23:41:19.238509"
}