{
  "total_tldrs": 285,
  "total_tokens": 900312,
  "total_cost": 0.11662979999999984,
  "runs": 3968,
  "last_run": "2026-02-14T05:57:16.331830"
}