{
  "total_tldrs": 121,
  "total_tokens": 341163,
  "total_cost": 0.04437959999999997,
  "runs": 1191,
  "last_run": "2026-01-13T12:42:32.822205"
}