{
  "total_tldrs": 282,
  "total_tokens": 894904,
  "total_cost": 0.11596329999999984,
  "runs": 3922,
  "last_run": "2026-02-13T12:43:11.857010"
}