{
  "total_tldrs": 177,
  "total_tokens": 532872,
  "total_cost": 0.06947819999999992,
  "runs": 2149,
  "last_run": "2026-01-22T14:51:09.321249"
}