{
  "total_tldrs": 199,
  "total_tokens": 636161,
  "total_cost": 0.08293729999999987,
  "runs": 2692,
  "last_run": "2026-01-27T15:46:59.403011"
}