{
  "total_tldrs": 299,
  "total_tokens": 931753,
  "total_cost": 0.12067719999999987,
  "runs": 4313,
  "last_run": "2026-02-18T20:42:18.499096"
}