{
  "total_tldrs": 156,
  "total_tokens": 464170,
  "total_cost": 0.06044919999999996,
  "runs": 1887,
  "last_run": "2026-01-19T17:48:05.962517"
}