{
  "total_tldrs": 93,
  "total_tokens": 235216,
  "total_cost": 0.030620799999999997,
  "runs": 618,
  "last_run": "2026-01-08T13:30:19.571592"
}