{
  "total_tldrs": 250,
  "total_tokens": 795874,
  "total_cost": 0.10386099999999987,
  "runs": 3517,
  "last_run": "2026-02-07T09:17:51.348438"
}