{
  "total_tldrs": 249,
  "total_tokens": 791743,
  "total_cost": 0.10334349999999987,
  "runs": 3471,
  "last_run": "2026-02-06T18:45:34.988021"
}