{
  "total_tldrs": 205,
  "total_tokens": 666859,
  "total_cost": 0.08692989999999985,
  "runs": 2779,
  "last_run": "2026-01-28T13:02:05.185605"
}