{
  "total_tldrs": 262,
  "total_tokens": 823048,
  "total_cost": 0.10721799999999986,
  "runs": 3654,
  "last_run": "2026-02-08T20:52:43.103481"
}