{
  "total_tldrs": 152,
  "total_tokens": 437577,
  "total_cost": 0.05690789999999996,
  "runs": 1700,
  "last_run": "2026-01-17T23:45:34.348034"
}