{
  "total_tldrs": 89,
  "total_tokens": 224882,
  "total_cost": 0.029251699999999995,
  "runs": 568,
  "last_run": "2026-01-08T00:44:18.727771"
}