{
  "total_tldrs": 134,
  "total_tokens": 382002,
  "total_cost": 0.04962389999999996,
  "runs": 1448,
  "last_run": "2026-01-15T21:51:20.678248"
}