{
  "total_tldrs": 126,
  "total_tokens": 358497,
  "total_cost": 0.046667399999999956,
  "runs": 1305,
  "last_run": "2026-01-14T15:15:29.158909"
}