{
  "total_tldrs": 208,
  "total_tokens": 680841,
  "total_cost": 0.08883209999999987,
  "runs": 2810,
  "last_run": "2026-01-28T20:08:06.686793"
}