{
  "total_tldrs": 177,
  "total_tokens": 530955,
  "total_cost": 0.06921539999999991,
  "runs": 2140,
  "last_run": "2026-01-22T11:59:16.423315"
}