{
  "total_tldrs": 205,
  "total_tokens": 665318,
  "total_cost": 0.08671219999999985,
  "runs": 2748,
  "last_run": "2026-01-28T05:57:05.326584"
}