{
  "total_tldrs": 182,
  "total_tokens": 557479,
  "total_cost": 0.07258179999999992,
  "runs": 2238,
  "last_run": "2026-01-23T11:56:46.798901"
}