{
  "total_tldrs": 118,
  "total_tokens": 327803,
  "total_cost": 0.04267939999999997,
  "runs": 1120,
  "last_run": "2026-01-12T20:28:01.499539"
}