{
  "total_tldrs": 229,
  "total_tokens": 750649,
  "total_cost": 0.09802089999999987,
  "runs": 3184,
  "last_run": "2026-02-02T08:28:48.609109"
}