{
  "total_tldrs": 134,
  "total_tokens": 382761,
  "total_cost": 0.049730999999999956,
  "runs": 1452,
  "last_run": "2026-01-15T22:33:25.915668"
}