{
  "total_tldrs": 135,
  "total_tokens": 385654,
  "total_cost": 0.050105499999999956,
  "runs": 1464,
  "last_run": "2026-01-16T01:16:51.474363"
}