{
  "total_tldrs": 158,
  "total_tokens": 469919,
  "total_cost": 0.06121669999999996,
  "runs": 1927,
  "last_run": "2026-01-20T02:01:40.862974"
}