{
  "total_tldrs": 157,
  "total_tokens": 465933,
  "total_cost": 0.06069269999999996,
  "runs": 1897,
  "last_run": "2026-01-19T19:41:19.158274"
}