{
  "total_tldrs": 278,
  "total_tokens": 880457,
  "total_cost": 0.11418769999999985,
  "runs": 3874,
  "last_run": "2026-02-12T19:01:35.061806"
}