{
  "total_tldrs": 114,
  "total_tokens": 304369,
  "total_cost": 0.03959889999999997,
  "runs": 1043,
  "last_run": "2026-01-12T02:22:59.738648"
}