{
  "total_tldrs": 309,
  "total_tokens": 965587,
  "total_cost": 0.12477669999999985,
  "runs": 4517,
  "last_run": "2026-02-21T16:12:00.820448"
}