{
  "total_tldrs": 118,
  "total_tokens": 333793,
  "total_cost": 0.043421499999999974,
  "runs": 1153,
  "last_run": "2026-01-13T05:01:11.599239"
}