{
  "total_tldrs": 205,
  "total_tokens": 667966,
  "total_cost": 0.08707959999999985,
  "runs": 2786,
  "last_run": "2026-01-28T15:03:07.671492"
}