{
  "total_tldrs": 144,
  "total_tokens": 414469,
  "total_cost": 0.05387499999999996,
  "runs": 1575,
  "last_run": "2026-01-17T01:06:48.112955"
}