{
  "total_tldrs": 186,
  "total_tokens": 574780,
  "total_cost": 0.0748458999999999,
  "runs": 2343,
  "last_run": "2026-01-24T10:48:39.826665"
}