{
  "total_tldrs": 205,
  "total_tokens": 665318,
  "total_cost": 0.08671219999999985,
  "runs": 2754,
  "last_run": "2026-01-28T07:23:36.233930"
}