{
  "total_tldrs": 300,
  "total_tokens": 933673,
  "total_cost": 0.12090609999999988,
  "runs": 4328,
  "last_run": "2026-02-19T01:05:46.378627"
}