{
  "total_tldrs": 141,
  "total_tokens": 405509,
  "total_cost": 0.05268589999999996,
  "runs": 1537,
  "last_run": "2026-01-16T18:00:26.282713"
}