{
  "total_tldrs": 121,
  "total_tokens": 342970,
  "total_cost": 0.04461699999999997,
  "runs": 1194,
  "last_run": "2026-01-13T13:47:22.283098"
}