{
  "total_tldrs": 300,
  "total_tokens": 935376,
  "total_cost": 0.12108899999999988,
  "runs": 4344,
  "last_run": "2026-02-19T09:26:42.757716"
}