{
  "total_tldrs": 250,
  "total_tokens": 795874,
  "total_cost": 0.10386099999999987,
  "runs": 3515,
  "last_run": "2026-02-07T08:54:38.510899"
}