{
  "total_tldrs": 288,
  "total_tokens": 907191,
  "total_cost": 0.11751089999999983,
  "runs": 4041,
  "last_run": "2026-02-14T22:22:12.280018"
}