{
  "total_tldrs": 117,
  "total_tokens": 314913,
  "total_cost": 0.040973399999999965,
  "runs": 1086,
  "last_run": "2026-01-12T13:48:53.213977"
}