{
  "total_tldrs": 274,
  "total_tokens": 863231,
  "total_cost": 0.11211289999999986,
  "runs": 3808,
  "last_run": "2026-02-11T16:35:33.223097"
}