{
  "total_tldrs": 152,
  "total_tokens": 434715,
  "total_cost": 0.05652749999999996,
  "runs": 1680,
  "last_run": "2026-01-17T20:47:31.884581"
}