{
  "total_tldrs": 152,
  "total_tokens": 441703,
  "total_cost": 0.05746839999999996,
  "runs": 1710,
  "last_run": "2026-01-18T04:37:22.644544"
}