{
  "total_tldrs": 141,
  "total_tokens": 406018,
  "total_cost": 0.052754799999999956,
  "runs": 1539,
  "last_run": "2026-01-16T18:29:53.044495"
}