{
  "total_tldrs": 254,
  "total_tokens": 806427,
  "total_cost": 0.10520939999999986,
  "runs": 3578,
  "last_run": "2026-02-07T22:42:03.421976"
}