{
  "total_tldrs": 122,
  "total_tokens": 345133,
  "total_cost": 0.04490529999999997,
  "runs": 1202,
  "last_run": "2026-01-13T15:27:27.856182"
}