{
  "total_tldrs": 227,
  "total_tokens": 743234,
  "total_cost": 0.09713329999999987,
  "runs": 3069,
  "last_run": "2026-01-31T22:10:12.224840"
}