{
  "total_tldrs": 311,
  "total_tokens": 967864,
  "total_cost": 0.12507279999999985,
  "runs": 4553,
  "last_run": "2026-02-21T23:23:55.437963"
}