{
  "total_tldrs": 105,
  "total_tokens": 269673,
  "total_cost": 0.03513779999999999,
  "runs": 765,
  "last_run": "2026-01-09T20:55:44.965053"
}