{
  "total_tldrs": 139,
  "total_tokens": 400337,
  "total_cost": 0.05198029999999996,
  "runs": 1513,
  "last_run": "2026-01-16T13:06:48.886216"
}