{
  "total_tldrs": 154,
  "total_tokens": 447906,
  "total_cost": 0.05828609999999996,
  "runs": 1736,
  "last_run": "2026-01-18T09:21:51.908441"
}