{
  "total_tldrs": 214,
  "total_tokens": 718449,
  "total_cost": 0.09380699999999988,
  "runs": 2943,
  "last_run": "2026-01-30T15:17:13.320593"
}