{
  "total_tldrs": 228,
  "total_tokens": 747799,
  "total_cost": 0.09769239999999986,
  "runs": 3082,
  "last_run": "2026-02-01T02:27:34.642909"
}