{
  "total_tldrs": 195,
  "total_tokens": 613859,
  "total_cost": 0.07999639999999988,
  "runs": 2579,
  "last_run": "2026-01-26T11:14:30.134808"
}