{
  "total_tldrs": 139,
  "total_tokens": 397962,
  "total_cost": 0.05166719999999996,
  "runs": 1480,
  "last_run": "2026-01-16T06:30:54.798193"
}