{
  "total_tldrs": 253,
  "total_tokens": 805354,
  "total_cost": 0.10506849999999986,
  "runs": 3569,
  "last_run": "2026-02-07T20:50:44.211013"
}