{
  "total_tldrs": 133,
  "total_tokens": 379413,
  "total_cost": 0.04932209999999995,
  "runs": 1434,
  "last_run": "2026-01-15T19:52:36.510493"
}