{
  "total_tldrs": 246,
  "total_tokens": 784537,
  "total_cost": 0.10238499999999988,
  "runs": 3453,
  "last_run": "2026-02-06T12:23:37.520882"
}