{
  "total_tldrs": 139,
  "total_tokens": 398886,
  "total_cost": 0.05179139999999996,
  "runs": 1507,
  "last_run": "2026-01-16T11:43:35.900168"
}