{
  "total_tldrs": 158,
  "total_tokens": 469919,
  "total_cost": 0.06121669999999996,
  "runs": 1928,
  "last_run": "2026-01-20T02:51:24.536943"
}