{
  "total_tldrs": 124,
  "total_tokens": 352758,
  "total_cost": 0.04591079999999996,
  "runs": 1246,
  "last_run": "2026-01-13T23:47:16.617806"
}