{
  "total_tldrs": 133,
  "total_tokens": 381041,
  "total_cost": 0.049494499999999955,
  "runs": 1442,
  "last_run": "2026-01-15T20:57:37.787920"
}