{
  "total_tldrs": 187,
  "total_tokens": 575622,
  "total_cost": 0.07496159999999989,
  "runs": 2348,
  "last_run": "2026-01-24T11:33:10.495907"
}