{
  "total_tldrs": 188,
  "total_tokens": 578450,
  "total_cost": 0.0753646999999999,
  "runs": 2360,
  "last_run": "2026-01-24T13:56:58.723536"
}