{
  "total_tldrs": 109,
  "total_tokens": 277771,
  "total_cost": 0.03625839999999999,
  "runs": 909,
  "last_run": "2026-01-10T23:25:54.974969"
}