{
  "total_tldrs": 178,
  "total_tokens": 541366,
  "total_cost": 0.07056129999999991,
  "runs": 2173,
  "last_run": "2026-01-22T20:13:05.455532"
}