{
  "total_tldrs": 202,
  "total_tokens": 646368,
  "total_cost": 0.08432369999999985,
  "runs": 2714,
  "last_run": "2026-01-27T20:37:11.624782"
}