{
  "total_tldrs": 131,
  "total_tokens": 372310,
  "total_cost": 0.048405699999999954,
  "runs": 1373,
  "last_run": "2026-01-15T06:30:07.053244"
}