{
  "total_tldrs": 104,
  "total_tokens": 263200,
  "total_cost": 0.03427719999999999,
  "runs": 718,
  "last_run": "2026-01-09T11:40:22.248510"
}