{
  "total_tldrs": 240,
  "total_tokens": 775941,
  "total_cost": 0.10126469999999987,
  "runs": 3389,
  "last_run": "2026-02-05T14:31:16.790257"
}