{
  "total_tldrs": 232,
  "total_tokens": 754915,
  "total_cost": 0.09859959999999987,
  "runs": 3223,
  "last_run": "2026-02-03T02:08:28.464600"
}