{
  "total_tldrs": 213,
  "total_tokens": 708049,
  "total_cost": 0.09241989999999987,
  "runs": 2924,
  "last_run": "2026-01-30T09:51:47.146002"
}