{
  "total_tldrs": 112,
  "total_tokens": 294031,
  "total_cost": 0.03830139999999997,
  "runs": 1030,
  "last_run": "2026-01-11T22:40:10.366173"
}