{
  "total_tldrs": 267,
  "total_tokens": 833068,
  "total_cost": 0.10854729999999986,
  "runs": 3720,
  "last_run": "2026-02-09T23:11:24.028779"
}