{
  "total_tldrs": 229,
  "total_tokens": 748696,
  "total_cost": 0.09780549999999986,
  "runs": 3124,
  "last_run": "2026-02-01T15:10:49.580308"
}