{
  "total_tldrs": 228,
  "total_tokens": 747799,
  "total_cost": 0.09769239999999986,
  "runs": 3083,
  "last_run": "2026-02-01T03:35:19.115999"
}