{
  "total_tldrs": 154,
  "total_tokens": 450093,
  "total_cost": 0.058572599999999954,
  "runs": 1760,
  "last_run": "2026-01-18T13:37:14.657638"
}