{
  "total_tldrs": 205,
  "total_tokens": 671079,
  "total_cost": 0.08750489999999986,
  "runs": 2791,
  "last_run": "2026-01-28T16:18:14.725601"
}