{
  "total_tldrs": 106,
  "total_tokens": 272059,
  "total_cost": 0.03545319999999999,
  "runs": 845,
  "last_run": "2026-01-10T13:20:33.291990"
}