{
  "total_tldrs": 105,
  "total_tokens": 268303,
  "total_cost": 0.034983699999999986,
  "runs": 746,
  "last_run": "2026-01-09T17:37:13.112001"
}