{
  "total_tldrs": 159,
  "total_tokens": 474630,
  "total_cost": 0.06179909999999996,
  "runs": 1941,
  "last_run": "2026-01-20T07:03:09.066790"
}