{
  "total_tldrs": 153,
  "total_tokens": 443399,
  "total_cost": 0.05768869999999996,
  "runs": 1711,
  "last_run": "2026-01-18T04:53:58.967375"
}