{
  "total_tldrs": 159,
  "total_tokens": 481670,
  "total_cost": 0.06275659999999995,
  "runs": 1981,
  "last_run": "2026-01-20T16:49:56.266888"
}