{
  "total_tldrs": 204,
  "total_tokens": 650268,
  "total_cost": 0.08483249999999984,
  "runs": 2725,
  "last_run": "2026-01-27T22:25:09.199742"
}