{
  "total_tldrs": 303,
  "total_tokens": 942171,
  "total_cost": 0.12193589999999987,
  "runs": 4395,
  "last_run": "2026-02-20T04:07:29.072886"
}