{
  "total_tldrs": 185,
  "total_tokens": 565326,
  "total_cost": 0.07362419999999992,
  "runs": 2284,
  "last_run": "2026-01-23T21:50:21.668814"
}