{
  "total_tldrs": 262,
  "total_tokens": 823048,
  "total_cost": 0.10721799999999986,
  "runs": 3669,
  "last_run": "2026-02-09T00:11:29.675405"
}