{
  "total_tldrs": 106,
  "total_tokens": 270982,
  "total_cost": 0.03530229999999999,
  "runs": 775,
  "last_run": "2026-01-09T22:35:10.916079"
}