{
  "total_tldrs": 245,
  "total_tokens": 783522,
  "total_cost": 0.10225079999999988,
  "runs": 3440,
  "last_run": "2026-02-06T08:25:52.477020"
}