{
  "total_tldrs": 124,
  "total_tokens": 355157,
  "total_cost": 0.04620139999999996,
  "runs": 1270,
  "last_run": "2026-01-14T07:49:28.663166"
}