{
  "total_tldrs": 92,
  "total_tokens": 233892,
  "total_cost": 0.030440099999999998,
  "runs": 606,
  "last_run": "2026-01-08T10:51:56.303727"
}