{
  "total_tldrs": 204,
  "total_tokens": 657155,
  "total_cost": 0.08566879999999984,
  "runs": 2737,
  "last_run": "2026-01-28T01:15:23.528553"
}