{
  "total_tldrs": 165,
  "total_tokens": 503833,
  "total_cost": 0.06566319999999994,
  "runs": 2061,
  "last_run": "2026-01-21T14:17:05.773316"
}