{
  "total_tldrs": 117,
  "total_tokens": 315462,
  "total_cost": 0.041047499999999966,
  "runs": 1088,
  "last_run": "2026-01-12T14:13:36.670873"
}