{
  "total_tldrs": 308,
  "total_tokens": 964121,
  "total_cost": 0.12457789999999985,
  "runs": 4498,
  "last_run": "2026-02-21T11:49:14.295528"
}