{
  "total_tldrs": 245,
  "total_tokens": 781738,
  "total_cost": 0.10206009999999988,
  "runs": 3429,
  "last_run": "2026-02-06T03:59:52.699799"
}