{
  "total_tldrs": 205,
  "total_tokens": 663560,
  "total_cost": 0.08652139999999985,
  "runs": 2743,
  "last_run": "2026-01-28T04:48:28.963167"
}