{
  "total_tldrs": 91,
  "total_tokens": 232010,
  "total_cost": 0.0302021,
  "runs": 589,
  "last_run": "2026-01-08T07:27:03.384623"
}