{
  "total_tldrs": 200,
  "total_tokens": 640303,
  "total_cost": 0.08353089999999985,
  "runs": 2702,
  "last_run": "2026-01-27T17:58:18.248002"
}