{
  "total_tldrs": 200,
  "total_tokens": 641460,
  "total_cost": 0.08368469999999985,
  "runs": 2707,
  "last_run": "2026-01-27T19:17:37.940364"
}