{
  "total_tldrs": 258,
  "total_tokens": 817941,
  "total_cost": 0.10657109999999986,
  "runs": 3630,
  "last_run": "2026-02-08T15:36:02.181539"
}