{
  "total_tldrs": 120,
  "total_tokens": 338410,
  "total_cost": 0.044031099999999976,
  "runs": 1175,
  "last_run": "2026-01-13T09:42:09.212171"
}