{
  "total_tldrs": 308,
  "total_tokens": 964121,
  "total_cost": 0.12457789999999985,
  "runs": 4507,
  "last_run": "2026-02-21T14:13:11.936319"
}