{
  "total_tldrs": 118,
  "total_tokens": 322498,
  "total_cost": 0.04197999999999997,
  "runs": 1098,
  "last_run": "2026-01-12T16:18:16.370217"
}