{
  "total_tldrs": 118,
  "total_tokens": 327803,
  "total_cost": 0.04267939999999997,
  "runs": 1110,
  "last_run": "2026-01-12T18:48:10.936539"
}