{
  "total_tldrs": 118,
  "total_tokens": 332880,
  "total_cost": 0.04330049999999997,
  "runs": 1147,
  "last_run": "2026-01-13T02:28:12.283709"
}