{
  "total_tldrs": 257,
  "total_tokens": 816041,
  "total_cost": 0.10634179999999986,
  "runs": 3599,
  "last_run": "2026-02-08T08:14:55.347592"
}