{
  "total_tldrs": 275,
  "total_tokens": 872904,
  "total_cost": 0.11320829999999986,
  "runs": 3834,
  "last_run": "2026-02-12T01:10:35.330215"
}