{
  "total_tldrs": 101,
  "total_tokens": 255925,
  "total_cost": 0.03332049999999999,
  "runs": 692,
  "last_run": "2026-01-09T06:30:03.515800"
}