{
  "total_tldrs": 248,
  "total_tokens": 790428,
  "total_cost": 0.10316249999999987,
  "runs": 3463,
  "last_run": "2026-02-06T15:59:55.523670"
}