{
  "total_tldrs": 124,
  "total_tokens": 350879,
  "total_cost": 0.045694999999999965,
  "runs": 1223,
  "last_run": "2026-01-13T19:54:21.741562"
}