{
  "total_tldrs": 106,
  "total_tokens": 271571,
  "total_cost": 0.03538489999999999,
  "runs": 787,
  "last_run": "2026-01-10T01:12:22.988411"
}