{
  "total_tldrs": 138,
  "total_tokens": 391104,
  "total_cost": 0.05081189999999996,
  "runs": 1470,
  "last_run": "2026-01-16T04:13:42.179615"
}