{
  "total_tldrs": 229,
  "total_tokens": 748696,
  "total_cost": 0.09780549999999986,
  "runs": 3170,
  "last_run": "2026-02-02T00:50:00.224404"
}