{
  "total_tldrs": 131,
  "total_tokens": 372754,
  "total_cost": 0.048465999999999954,
  "runs": 1385,
  "last_run": "2026-01-15T08:59:11.046130"
}