{
  "total_tldrs": 288,
  "total_tokens": 907191,
  "total_cost": 0.11751089999999983,
  "runs": 4044,
  "last_run": "2026-02-14T22:58:35.251011"
}