{
  "total_tldrs": 282,
  "total_tokens": 894904,
  "total_cost": 0.11596329999999984,
  "runs": 3924,
  "last_run": "2026-02-13T13:40:26.182852"
}