{
  "total_tldrs": 281,
  "total_tokens": 891167,
  "total_cost": 0.11551309999999984,
  "runs": 3900,
  "last_run": "2026-02-13T05:08:21.624912"
}