{
  "total_tldrs": 105,
  "total_tokens": 268681,
  "total_cost": 0.03503469999999999,
  "runs": 761,
  "last_run": "2026-01-09T20:11:35.887959"
}