{
  "total_tldrs": 195,
  "total_tokens": 606715,
  "total_cost": 0.07909449999999987,
  "runs": 2539,
  "last_run": "2026-01-25T23:22:05.321167"
}