{
  "total_tldrs": 297,
  "total_tokens": 929048,
  "total_cost": 0.12027589999999987,
  "runs": 4297,
  "last_run": "2026-02-18T14:33:04.884238"
}