{
  "total_tldrs": 281,
  "total_tokens": 891167,
  "total_cost": 0.11551309999999984,
  "runs": 3899,
  "last_run": "2026-02-13T04:28:48.050790"
}