{
  "total_tldrs": 208,
  "total_tokens": 680841,
  "total_cost": 0.08883209999999987,
  "runs": 2807,
  "last_run": "2026-01-28T19:34:31.665378"
}