{
  "total_tldrs": 109,
  "total_tokens": 280428,
  "total_cost": 0.03658919999999999,
  "runs": 914,
  "last_run": "2026-01-11T00:19:46.011500"
}