{
  "total_tldrs": 282,
  "total_tokens": 894904,
  "total_cost": 0.11596329999999984,
  "runs": 3925,
  "last_run": "2026-02-13T14:05:52.607217"
}