{
  "total_tldrs": 178,
  "total_tokens": 542769,
  "total_cost": 0.07074029999999991,
  "runs": 2187,
  "last_run": "2026-01-22T22:54:46.828261"
}