{
  "total_tldrs": 124,
  "total_tokens": 352065,
  "total_cost": 0.04582229999999996,
  "runs": 1228,
  "last_run": "2026-01-13T20:48:36.952821"
}