{
  "total_tldrs": 154,
  "total_tokens": 446896,
  "total_cost": 0.05813979999999996,
  "runs": 1731,
  "last_run": "2026-01-18T08:25:58.645003"
}