{
  "total_tldrs": 141,
  "total_tokens": 408751,
  "total_cost": 0.05310909999999996,
  "runs": 1548,
  "last_run": "2026-01-16T19:58:52.617154"
}