{
  "total_tldrs": 223,
  "total_tokens": 738280,
  "total_cost": 0.09644709999999987,
  "runs": 3026,
  "last_run": "2026-01-31T14:01:59.436115"
}