{
  "total_tldrs": 270,
  "total_tokens": 842296,
  "total_cost": 0.10964919999999984,
  "runs": 3771,
  "last_run": "2026-02-10T23:00:32.634803"
}