{
  "total_tldrs": 300,
  "total_tokens": 936470,
  "total_cost": 0.12120469999999987,
  "runs": 4351,
  "last_run": "2026-02-19T11:46:02.657244"
}