{
  "total_tldrs": 152,
  "total_tokens": 432047,
  "total_cost": 0.05617999999999996,
  "runs": 1668,
  "last_run": "2026-01-17T19:00:06.882985"
}