{
  "total_tldrs": 198,
  "total_tokens": 633942,
  "total_cost": 0.08264699999999987,
  "runs": 2676,
  "last_run": "2026-01-27T11:33:56.006323"
}