{
  "total_tldrs": 110,
  "total_tokens": 284264,
  "total_cost": 0.03707389999999998,
  "runs": 928,
  "last_run": "2026-01-11T05:37:55.043348"
}