{
  "total_tldrs": 199,
  "total_tokens": 636161,
  "total_cost": 0.08293729999999987,
  "runs": 2693,
  "last_run": "2026-01-27T15:57:35.177878"
}