{
  "total_tldrs": 89,
  "total_tokens": 226000,
  "total_cost": 0.029404899999999998,
  "runs": 570,
  "last_run": "2026-01-08T01:59:03.520586"
}