{
  "total_tldrs": 239,
  "total_tokens": 774208,
  "total_cost": 0.10103799999999988,
  "runs": 3387,
  "last_run": "2026-02-05T13:46:25.070421"
}