{
  "total_tldrs": 234,
  "total_tokens": 759139,
  "total_cost": 0.09912519999999987,
  "runs": 3272,
  "last_run": "2026-02-03T20:37:15.730117"
}