{
  "total_tldrs": 110,
  "total_tokens": 286638,
  "total_cost": 0.03732479999999998,
  "runs": 939,
  "last_run": "2026-01-11T07:41:50.201520"
}