{
  "total_tldrs": 179,
  "total_tokens": 550682,
  "total_cost": 0.07171129999999991,
  "runs": 2204,
  "last_run": "2026-01-23T05:06:06.352244"
}