{
  "total_tldrs": 96,
  "total_tokens": 248276,
  "total_cost": 0.03231649999999999,
  "runs": 639,
  "last_run": "2026-01-08T18:01:05.452168"
}