{
  "total_tldrs": 213,
  "total_tokens": 701800,
  "total_cost": 0.09164229999999988,
  "runs": 2885,
  "last_run": "2026-01-29T20:14:18.997394"
}