{
  "total_tldrs": 136,
  "total_tokens": 387613,
  "total_cost": 0.05035629999999996,
  "runs": 1465,
  "last_run": "2026-01-16T02:01:30.483894"
}