{
  "total_tldrs": 213,
  "total_tokens": 709008,
  "total_cost": 0.09255149999999987,
  "runs": 2927,
  "last_run": "2026-01-30T10:35:39.368068"
}