{
  "total_tldrs": 216,
  "total_tokens": 720415,
  "total_cost": 0.09406749999999987,
  "runs": 2953,
  "last_run": "2026-01-30T18:04:17.536357"
}