{
  "total_tldrs": 259,
  "total_tokens": 819895,
  "total_cost": 0.10679769999999986,
  "runs": 3638,
  "last_run": "2026-02-08T17:25:29.932731"
}