{
  "total_tldrs": 196,
  "total_tokens": 625934,
  "total_cost": 0.08160199999999988,
  "runs": 2625,
  "last_run": "2026-01-26T21:44:29.318124"
}