{
  "total_tldrs": 162,
  "total_tokens": 496848,
  "total_cost": 0.06473339999999994,
  "runs": 2026,
  "last_run": "2026-01-21T05:48:48.737025"
}