{
  "total_tldrs": 153,
  "total_tokens": 444978,
  "total_cost": 0.05786159999999996,
  "runs": 1713,
  "last_run": "2026-01-18T05:14:22.671241"
}