{
  "total_tldrs": 192,
  "total_tokens": 594507,
  "total_cost": 0.07744319999999989,
  "runs": 2431,
  "last_run": "2026-01-25T04:11:59.346283"
}