{
  "total_tldrs": 217,
  "total_tokens": 722624,
  "total_cost": 0.09436369999999987,
  "runs": 2961,
  "last_run": "2026-01-30T20:12:55.978386"
}