{
  "total_tldrs": 195,
  "total_tokens": 614566,
  "total_cost": 0.08009379999999988,
  "runs": 2585,
  "last_run": "2026-01-26T12:18:53.961669"
}