{
  "total_tldrs": 204,
  "total_tokens": 651493,
  "total_cost": 0.08499429999999984,
  "runs": 2733,
  "last_run": "2026-01-27T23:49:30.552699"
}