{
  "total_tldrs": 220,
  "total_tokens": 734357,
  "total_cost": 0.09591469999999988,
  "runs": 2985,
  "last_run": "2026-01-31T03:51:31.924139"
}