{
  "total_tldrs": 221,
  "total_tokens": 735405,
  "total_cost": 0.09605849999999988,
  "runs": 3000,
  "last_run": "2026-01-31T08:13:05.622280"
}