{
  "total_tldrs": 304,
  "total_tokens": 943135,
  "total_cost": 0.12206649999999987,
  "runs": 4419,
  "last_run": "2026-02-20T12:19:14.931136"
}