{
  "total_tldrs": 95,
  "total_tokens": 240360,
  "total_cost": 0.031294499999999996,
  "runs": 624,
  "last_run": "2026-01-08T14:53:53.442111"
}