{
  "total_tldrs": 142,
  "total_tokens": 409665,
  "total_cost": 0.05323289999999996,
  "runs": 1550,
  "last_run": "2026-01-16T20:22:52.138004"
}