{
  "total_tldrs": 303,
  "total_tokens": 942171,
  "total_cost": 0.12193589999999987,
  "runs": 4397,
  "last_run": "2026-02-20T05:19:06.568603"
}