{
  "total_tldrs": 96,
  "total_tokens": 248276,
  "total_cost": 0.03231649999999999,
  "runs": 648,
  "last_run": "2026-01-08T19:45:58.471999"
}