{
  "total_tldrs": 273,
  "total_tokens": 859445,
  "total_cost": 0.11163649999999986,
  "runs": 3806,
  "last_run": "2026-02-11T15:41:25.848060"
}