{
  "total_tldrs": 293,
  "total_tokens": 917447,
  "total_cost": 0.11877559999999986,
  "runs": 4234,
  "last_run": "2026-02-17T14:12:03.221906"
}