{
  "total_tldrs": 300,
  "total_tokens": 933673,
  "total_cost": 0.12090609999999988,
  "runs": 4325,
  "last_run": "2026-02-18T23:46:26.404819"
}