{
  "total_tldrs": 200,
  "total_tokens": 639007,
  "total_cost": 0.08335449999999986,
  "runs": 2695,
  "last_run": "2026-01-27T16:22:40.738374"
}