{
  "total_tldrs": 96,
  "total_tokens": 248276,
  "total_cost": 0.03231649999999999,
  "runs": 635,
  "last_run": "2026-01-08T17:13:16.113524"
}