{
  "total_tldrs": 126,
  "total_tokens": 359317,
  "total_cost": 0.046770399999999955,
  "runs": 1330,
  "last_run": "2026-01-14T20:12:49.321301"
}