{
  "total_tldrs": 211,
  "total_tokens": 697456,
  "total_cost": 0.09102339999999988,
  "runs": 2868,
  "last_run": "2026-01-29T15:36:22.183735"
}