{
  "total_tldrs": 155,
  "total_tokens": 455859,
  "total_cost": 0.05932559999999996,
  "runs": 1834,
  "last_run": "2026-01-19T05:23:20.801074"
}