{
  "total_tldrs": 275,
  "total_tokens": 872904,
  "total_cost": 0.11320829999999986,
  "runs": 3838,
  "last_run": "2026-02-12T04:40:15.290673"
}