{
  "total_tldrs": 183,
  "total_tokens": 560554,
  "total_cost": 0.07298229999999992,
  "runs": 2247,
  "last_run": "2026-01-23T14:25:43.883834"
}