{
  "total_tldrs": 139,
  "total_tokens": 402033,
  "total_cost": 0.05220599999999996,
  "runs": 1524,
  "last_run": "2026-01-16T15:31:16.019288"
}