{
  "total_tldrs": 113,
  "total_tokens": 297317,
  "total_cost": 0.038711899999999966,
  "runs": 1038,
  "last_run": "2026-01-11T23:50:35.715403"
}