{
  "total_tldrs": 141,
  "total_tokens": 404848,
  "total_cost": 0.05259759999999996,
  "runs": 1530,
  "last_run": "2026-01-16T16:43:36.449128"
}