{
  "total_tldrs": 210,
  "total_tokens": 689036,
  "total_cost": 0.08992969999999988,
  "runs": 2831,
  "last_run": "2026-01-29T02:04:30.579204"
}