{
  "total_tldrs": 200,
  "total_tokens": 640303,
  "total_cost": 0.08353089999999985,
  "runs": 2706,
  "last_run": "2026-01-27T19:04:47.081674"
}