{
  "total_tldrs": 175,
  "total_tokens": 525458,
  "total_cost": 0.06848539999999992,
  "runs": 2110,
  "last_run": "2026-01-22T05:16:36.110370"
}