{
  "total_tldrs": 154,
  "total_tokens": 448986,
  "total_cost": 0.05842889999999996,
  "runs": 1753,
  "last_run": "2026-01-18T11:52:45.044892"
}