{
  "total_tldrs": 145,
  "total_tokens": 420135,
  "total_cost": 0.054587699999999954,
  "runs": 1594,
  "last_run": "2026-01-17T06:48:39.856313"
}