{
  "total_tldrs": 161,
  "total_tokens": 494863,
  "total_cost": 0.06446259999999995,
  "runs": 2018,
  "last_run": "2026-01-21T03:18:00.478511"
}