{
  "total_tldrs": 192,
  "total_tokens": 596944,
  "total_cost": 0.07774029999999989,
  "runs": 2485,
  "last_run": "2026-01-25T14:42:46.640665"
}