{
  "total_tldrs": 238,
  "total_tokens": 768778,
  "total_cost": 0.10036149999999988,
  "runs": 3337,
  "last_run": "2026-02-04T19:47:26.957635"
}