{
  "total_tldrs": 117,
  "total_tokens": 313896,
  "total_cost": 0.04083449999999997,
  "runs": 1082,
  "last_run": "2026-01-12T12:23:51.319979"
}