{
  "total_tldrs": 171,
  "total_tokens": 512555,
  "total_cost": 0.06679039999999992,
  "runs": 2078,
  "last_run": "2026-01-21T19:17:55.977308"
}