{
  "total_tldrs": 114,
  "total_tokens": 305238,
  "total_cost": 0.03972419999999997,
  "runs": 1044,
  "last_run": "2026-01-12T03:09:53.915057"
}