{
  "total_tldrs": 110,
  "total_tokens": 288541,
  "total_cost": 0.03757779999999998,
  "runs": 971,
  "last_run": "2026-01-11T13:11:43.461264"
}