{
  "total_tldrs": 226,
  "total_tokens": 741822,
  "total_cost": 0.09693959999999986,
  "runs": 3065,
  "last_run": "2026-01-31T21:35:07.851485"
}