{
  "total_tldrs": 236,
  "total_tokens": 765826,
  "total_cost": 0.09996279999999988,
  "runs": 3312,
  "last_run": "2026-02-04T11:19:40.942350"
}