{
  "total_tldrs": 159,
  "total_tokens": 478371,
  "total_cost": 0.06230699999999996,
  "runs": 1972,
  "last_run": "2026-01-20T14:32:34.286828"
}