{
  "total_tldrs": 255,
  "total_tokens": 807393,
  "total_cost": 0.10533449999999986,
  "runs": 3583,
  "last_run": "2026-02-07T23:49:38.796028"
}