{
  "total_tldrs": 278,
  "total_tokens": 880457,
  "total_cost": 0.11418769999999985,
  "runs": 3873,
  "last_run": "2026-02-12T18:35:34.614175"
}