{
  "total_tldrs": 180,
  "total_tokens": 554735,
  "total_cost": 0.07221439999999991,
  "runs": 2232,
  "last_run": "2026-01-23T10:56:45.351204"
}