{
  "total_tldrs": 191,
  "total_tokens": 586376,
  "total_cost": 0.0763924999999999,
  "runs": 2389,
  "last_run": "2026-01-24T18:44:58.497561"
}