{
  "total_tldrs": 159,
  "total_tokens": 481670,
  "total_cost": 0.06275659999999995,
  "runs": 1979,
  "last_run": "2026-01-20T16:15:48.375892"
}